ts	tid	pose	x	y	z	area	conf
2026-04-24 19:04:12	88		0	0	0	0	60
2026-04-24 19:04:43	88		0	0	0	0	60
2026-04-24 19:05:15	88		0	0	0	0	60
2026-04-24 19:05:47	88		0	0	0	0	60
2026-04-24 19:06:19	88		0	0	0	0	60
2026-04-24 19:06:50	88		0	0	0	0	60
2026-04-24 19:07:22	88		0	0	0	0	60
2026-04-24 19:07:54	88		0	0	0	0	60
2026-04-24 19:08:26	88		0	0	0	0	60
2026-04-24 19:08:57	88		0	0	0	0	60
2026-04-24 19:09:29	88		0	0	0	0	60
2026-04-24 19:10:01	88		0	0	0	0	60
2026-04-24 19:10:33	88		0	0	0	0	60
2026-04-24 19:11:04	88		0	0	0	0	60
2026-04-24 19:11:36	88		0	0	0	0	60
2026-04-24 19:12:08	88		0	0	0	0	60
2026-04-24 19:12:40	88		0	0	0	0	60
2026-04-24 19:13:11	88		0	0	0	0	60
2026-04-24 19:13:43	88		0	0	0	0	60
2026-04-24 19:14:15	88		0	0	0	0	60
2026-04-24 19:14:47	88		0	0	0	0	60
2026-04-24 19:15:18	88		0	0	0	0	60
2026-04-24 19:15:50	88		0	0	0	0	60
2026-04-24 19:16:22	88		0	0	0	0	60
2026-04-24 19:16:53	88		0	0	0	0	60
2026-04-24 19:17:25	88		0	0	0	0	60
2026-04-24 19:17:57	88		0	0	0	0	60
2026-04-24 19:18:29	88		0	0	0	0	60
2026-04-24 19:19:00	88		0	0	0	0	60
2026-04-24 19:19:32	88		0	0	0	0	60
2026-04-24 19:20:04	88		0	0	0	0	60
2026-04-24 19:20:36	88		0	0	0	0	60
2026-04-24 19:21:07	88		0	0	0	0	60
2026-04-24 19:21:39	88		0	0	0	0	60
2026-04-24 19:22:11	88		0	0	0	0	60
2026-04-24 19:22:19	0	4	-70	60	91	12	60
2026-04-24 19:22:20	0	4	-40	30	81	12	60
2026-04-24 19:22:21	0	1	10	10	71	12	60
2026-04-24 19:22:22	0	1	40	20	63	12	60
2026-04-24 19:22:23	0	1	60	10	66	12	60
2026-04-24 19:22:24	0	1	80	0	75	12	60
2026-04-24 19:22:25	0	3	30	-10	0	12	60
2026-04-24 19:22:26	0	3	30	-10	0	12	60
2026-04-24 19:22:27	0	3	30	-10	79	12	60
2026-04-24 19:22:28	0	3	40	-20	74	12	60
2026-04-24 19:22:29	0	3	30	-10	95	12	60
2026-04-24 19:22:30	0	3	70	-20	0	12	60
2026-04-24 19:22:31	0	3	110	-20	0	12	60
2026-04-24 19:22:32	0	3	110	-20	0	12	60
2026-04-24 19:22:33	0	3	110	-20	0	12	60
2026-04-24 19:22:34	0	3	110	-20	0	12	60
2026-04-24 19:22:35	0	3	110	-20	0	12	60
2026-04-24 19:22:36	0	3	40	-10	0	12	60
2026-04-24 19:22:37	0	3	40	-10	0	12	60
2026-04-24 19:22:38	0	3	40	-10	0	12	60
2026-04-24 19:22:39	0	3	40	-10	0	12	60
2026-04-24 19:22:40	0	3	50	-10	0	12	60
2026-04-24 19:22:41	0	3	50	-10	0	12	60
2026-04-24 19:22:42	0	3	50	-10	0	12	60
2026-04-24 19:22:43	0	3	50	-10	0	12	60
2026-04-24 19:22:44	0	3	50	-10	0	12	60
2026-04-24 19:22:45	0	3	50	-10	0	12	60
2026-04-24 19:22:46	0	3	50	-10	0	12	60
2026-04-24 19:22:47	0	3	50	-10	0	12	60
2026-04-24 19:22:48	0	3	50	-10	0	12	60
2026-04-24 19:22:49	0	3	40	0	0	12	60
2026-04-24 19:22:50	0	3	40	0	0	12	60
2026-04-24 19:22:51	0	3	40	0	0	12	60
2026-04-24 19:22:52	0	3	30	0	0	12	60
2026-04-24 19:22:52	1	4	160	-10	0	255	60
2026-04-24 19:22:53	0	3	30	0	0	12	60
2026-04-24 19:22:53	1	4	160	-10	0	255	60
2026-04-24 19:22:54	0	3	30	0	0	12	60
2026-04-24 19:22:54	1	4	160	-10	0	255	60
2026-04-24 19:22:55	0	3	40	0	0	12	60
2026-04-24 19:22:55	1	4	160	-10	0	255	60
2026-04-24 19:22:56	0	3	40	0	0	12	60
2026-04-24 19:22:56	1	4	160	-10	0	255	60
2026-04-24 19:22:57	0	3	40	0	0	12	60
2026-04-24 19:22:57	1	4	160	-10	0	255	60
2026-04-24 19:22:58	0	3	40	0	0	12	60
2026-04-24 19:22:58	1	4	160	-10	0	255	60
2026-04-24 19:22:59	0	3	40	-10	0	12	60
2026-04-24 19:22:59	1	4	160	-10	85	255	60
2026-04-24 19:23:00	0	3	30	0	0	12	60
2026-04-24 19:23:00	1	4	160	-10	85	255	60
2026-04-24 19:23:01	0	3	30	0	0	12	60
2026-04-24 19:23:01	1	4	160	-10	0	255	60
2026-04-24 19:23:02	0	3	30	0	0	12	60
2026-04-24 19:23:02	1	4	160	-10	0	255	60
2026-04-24 19:23:03	0	3	40	-10	112	12	60
2026-04-24 19:23:03	1	4	160	-10	0	255	60
2026-04-24 19:23:04	0	3	40	0	0	12	60
2026-04-24 19:23:04	1	4	160	-10	0	255	60
2026-04-24 19:23:04	0	3	40	0	0	12	60
2026-04-24 19:23:04	1	4	160	-10	0	255	60
2026-04-24 19:23:05	0	3	40	0	0	12	60
2026-04-24 19:23:05	1	4	160	-10	0	255	60
2026-04-24 19:23:06	0	3	40	0	0	12	60
2026-04-24 19:23:06	1	4	160	-10	0	255	60
2026-04-24 19:23:07	0	3	40	0	0	12	60
2026-04-24 19:23:07	1	4	160	-10	0	255	60
2026-04-24 19:23:08	0	3	50	0	0	12	60
2026-04-24 19:23:08	1	4	160	-10	0	255	60
2026-04-24 19:23:09	0	3	40	0	0	12	60
2026-04-24 19:23:09	1	4	160	-10	0	255	60
2026-04-24 19:23:10	0	3	40	0	0	12	60
2026-04-24 19:23:10	1	4	160	-10	0	255	60
2026-04-24 19:23:11	0	3	40	-10	0	12	60
2026-04-24 19:23:11	1	4	160	-10	0	255	60
2026-04-24 19:23:12	0	3	50	-10	0	12	60
2026-04-24 19:23:12	1	4	160	-10	0	255	60
2026-04-24 19:23:13	0	3	50	-10	0	12	60
2026-04-24 19:23:13	1	4	160	-10	0	255	60
2026-04-24 19:23:14	0	3	50	-10	0	12	60
2026-04-24 19:23:14	1	4	160	-10	0	255	60
2026-04-24 19:23:15	0	3	50	-10	0	12	60
2026-04-24 19:23:15	1	4	160	-10	86	255	60
2026-04-24 19:23:16	0	3	50	0	0	12	60
2026-04-24 19:23:16	1	4	160	-20	0	255	60
2026-04-24 19:23:17	0	3	40	0	0	12	60
2026-04-24 19:23:17	1	4	130	-30	0	255	60
2026-04-24 19:23:18	0	3	40	0	0	12	60
2026-04-24 19:23:18	1	4	130	-30	0	255	60
2026-04-24 19:23:19	0	3	40	0	67	12	60
2026-04-24 19:23:19	1	4	160	-10	0	255	60
2026-04-24 19:23:20	0	3	40	0	0	12	60
2026-04-24 19:23:20	1	4	160	-10	0	255	60
2026-04-24 19:23:21	0	3	40	0	67	12	60
2026-04-24 19:23:21	1	4	160	-10	0	255	60
2026-04-24 19:23:22	0	3	30	-20	70	12	60
2026-04-24 19:23:22	1	4	150	-10	0	255	60
2026-04-24 19:23:23	0	3	20	-20	0	12	60
2026-04-24 19:23:23	1	4	160	-10	0	255	60
2026-04-24 19:23:24	0	3	20	-20	0	12	60
2026-04-24 19:23:24	1	4	160	-10	0	255	60
2026-04-24 19:23:25	0	3	20	-30	0	12	60
2026-04-24 19:23:25	1	4	160	-10	0	255	60
2026-04-24 19:23:26	0	3	20	-30	0	12	60
2026-04-24 19:23:26	1	4	160	-10	0	255	60
2026-04-24 19:23:27	0	3	20	-10	0	12	60
2026-04-24 19:23:27	1	4	160	-10	0	255	60
2026-04-24 19:23:28	0	3	10	-30	59	12	60
2026-04-24 19:23:28	1	4	150	-10	0	255	60
2026-04-24 19:23:29	0	3	20	0	0	12	60
2026-04-24 19:23:29	1	4	160	-10	0	255	60
2026-04-24 19:23:30	0	3	20	-10	0	12	60
2026-04-24 19:23:30	1	4	160	-10	0	255	60
2026-04-24 19:23:31	0	3	20	-10	0	12	60
2026-04-24 19:23:31	1	4	160	-10	0	255	60
2026-04-24 19:23:32	0	3	20	-10	0	12	60
2026-04-24 19:23:32	1	4	160	-10	0	255	60
2026-04-24 19:23:33	0	3	20	-10	0	12	60
2026-04-24 19:23:33	1	4	160	-10	0	255	60
2026-04-24 19:23:34	0	3	20	-10	0	12	60
2026-04-24 19:23:34	1	4	160	-10	0	255	60
2026-04-24 19:23:35	0	3	20	-10	0	12	60
2026-04-24 19:23:35	1	4	160	-10	0	255	60
2026-04-24 19:23:36	0	3	20	-10	74	12	60
2026-04-24 19:23:36	1	4	160	-10	0	255	60
2026-04-24 19:23:37	0	3	40	0	0	12	60
2026-04-24 19:23:37	1	4	170	-20	0	255	60
2026-04-24 19:23:38	0	3	40	0	0	12	60
2026-04-24 19:23:38	1	4	170	-20	0	255	60
2026-04-24 19:23:39	0	3	20	-20	74	12	60
2026-04-24 19:23:39	1	4	170	-20	0	255	60
2026-04-24 19:23:40	0	3	20	-20	66	12	60
2026-04-24 19:23:40	1	4	150	-30	0	255	60
2026-04-24 19:23:41	0	3	20	-20	0	12	60
2026-04-24 19:23:41	1	4	150	-20	0	255	60
2026-04-24 19:23:42	0	3	20	-20	0	12	60
2026-04-24 19:23:42	1	4	140	-20	0	255	60
2026-04-24 19:23:43	0	3	20	-30	0	12	60
2026-04-24 19:23:43	1	4	140	-20	0	255	60
2026-04-24 19:23:44	0	3	20	-30	0	12	60
2026-04-24 19:23:44	1	4	140	-20	0	255	60
2026-04-24 19:23:45	0	3	20	-30	0	12	60
2026-04-24 19:23:45	1	4	140	-20	0	255	60
2026-04-24 19:23:46	0	3	20	-30	0	12	60
2026-04-24 19:23:46	1	4	140	-20	0	255	60
2026-04-24 19:23:47	0	3	20	-30	0	12	60
2026-04-24 19:23:47	1	4	140	-20	0	255	60
2026-04-24 19:23:48	0	3	20	-30	0	12	60
2026-04-24 19:23:48	1	4	140	-20	0	255	60
2026-04-24 19:23:49	0	3	20	-30	0	12	60
2026-04-24 19:23:49	1	4	140	-20	0	255	60
2026-04-24 19:23:50	0	3	20	-30	0	12	60
2026-04-24 19:23:50	1	4	140	-20	0	255	60
2026-04-24 19:23:51	0	3	20	-30	0	12	60
2026-04-24 19:23:51	1	4	140	-20	0	255	60
2026-04-24 19:23:52	0	3	20	-30	0	12	60
2026-04-24 19:23:52	1	4	140	-20	0	255	60
2026-04-24 19:23:53	0	3	20	-30	0	12	60
2026-04-24 19:23:53	1	4	140	-20	0	255	60
2026-04-24 19:23:54	0	3	20	-30	0	12	60
2026-04-24 19:23:54	1	4	140	-20	0	255	60
2026-04-24 19:23:55	0	3	20	-30	0	12	60
2026-04-24 19:23:55	1	4	140	-20	0	255	60
2026-04-24 19:23:56	0	3	20	-30	0	12	60
2026-04-24 19:23:56	1	4	140	-20	0	255	60
2026-04-24 19:23:57	0	3	20	-30	0	12	60
2026-04-24 19:23:57	1	4	140	-20	0	255	60
2026-04-24 19:23:58	0	3	20	-30	0	12	60
2026-04-24 19:23:58	1	4	140	-20	0	255	60
2026-04-24 19:23:59	0	3	20	-20	71	12	60
2026-04-24 19:23:59	1	4	150	-30	0	255	60
2026-04-24 19:24:00	0	3	0	-30	59	12	60
2026-04-24 19:24:00	1	4	160	-40	0	255	60
2026-04-24 19:24:01	0	3	20	-20	0	12	60
2026-04-24 19:24:01	1	4	150	-10	0	255	60
2026-04-24 19:24:03	0	3	30	-10	0	12	60
2026-04-24 19:24:03	1	4	150	0	0	255	60
2026-04-24 19:24:03	0	3	30	-10	0	12	60
2026-04-24 19:24:03	1	4	150	0	0	255	60
2026-04-24 19:24:04	0	3	30	-20	54	12	60
2026-04-24 19:24:04	1	4	150	0	0	255	60
2026-04-24 19:24:05	0	3	0	-30	0	12	60
2026-04-24 19:24:05	1	4	130	-50	0	255	60
2026-04-24 19:24:06	0	3	-10	-40	0	12	60
2026-04-24 19:24:06	1	4	130	-50	0	255	60
2026-04-24 19:24:07	0	3	-10	-40	0	12	60
2026-04-24 19:24:07	1	4	130	-50	0	255	60
2026-04-24 19:24:08	0	3	0	-30	92	12	60
2026-04-24 19:24:08	1	4	130	-50	0	255	60
2026-04-24 19:24:09	0	3	0	-40	95	12	60
2026-04-24 19:24:09	1	4	130	-50	0	255	60
2026-04-24 19:24:10	0	3	10	-30	68	12	60
2026-04-24 19:24:10	1	4	130	-40	0	255	60
2026-04-24 19:24:11	0	3	20	-20	67	12	60
2026-04-24 19:24:11	1	4	130	-10	0	255	60
2026-04-24 19:24:12	0	3	30	-10	76	12	60
2026-04-24 19:24:12	1	4	160	-40	0	255	60
2026-04-24 19:24:13	0	3	40	-10	82	12	60
2026-04-24 19:24:13	1	4	160	-20	0	255	60
2026-04-24 19:24:14	0	3	30	-10	95	12	60
2026-04-24 19:24:14	1	4	160	-30	0	255	60
2026-04-24 19:24:15	0	3	40	-10	0	12	60
2026-04-24 19:24:15	1	4	140	-30	0	255	60
2026-04-24 19:24:16	0	3	40	-10	110	12	60
2026-04-24 19:24:16	1	4	140	-30	0	255	60
2026-04-24 19:24:17	0	3	40	-20	0	12	60
2026-04-24 19:24:17	1	4	140	-20	0	255	60
2026-04-24 19:24:18	0	3	40	-20	0	12	60
2026-04-24 19:24:18	1	4	140	-20	0	255	60
2026-04-24 19:24:19	0	3	40	-20	0	12	60
2026-04-24 19:24:19	1	4	140	-20	0	255	60
2026-04-24 19:24:20	0	3	40	-20	0	12	60
2026-04-24 19:24:20	1	4	140	-20	0	255	60
2026-04-24 19:24:21	0	3	40	-20	0	12	60
2026-04-24 19:24:21	1	4	140	-20	0	255	60
2026-04-24 19:24:22	0	3	40	-20	0	12	60
2026-04-24 19:24:22	1	4	140	-20	0	255	60
2026-04-24 19:24:23	0	3	40	-20	0	12	60
2026-04-24 19:24:23	1	4	140	-20	0	255	60
2026-04-24 19:24:24	0	3	40	-20	0	12	60
2026-04-24 19:24:24	1	4	140	-20	0	255	60
2026-04-24 19:24:25	0	3	40	-20	0	12	60
2026-04-24 19:24:25	1	4	140	-20	0	255	60
2026-04-24 19:24:26	0	3	40	-20	0	12	60
2026-04-24 19:24:26	1	4	140	-20	0	255	60
2026-04-24 19:24:27	0	3	50	-30	0	12	60
2026-04-24 19:24:27	1	4	140	-20	0	255	60
2026-04-24 19:24:28	0	3	50	-30	0	12	60
2026-04-24 19:24:28	1	4	140	-20	0	255	60
2026-04-24 19:24:29	0	3	50	-30	0	12	60
2026-04-24 19:24:29	1	4	140	-20	0	255	60
2026-04-24 19:24:30	0	3	50	-30	0	12	60
2026-04-24 19:24:30	1	4	140	-20	0	255	60
2026-04-24 19:24:31	0	3	50	-30	0	12	60
2026-04-24 19:24:31	1	4	140	-20	0	255	60
2026-04-24 19:24:32	0	3	50	-30	0	12	60
2026-04-24 19:24:32	1	4	140	-20	0	255	60
2026-04-24 19:24:33	0	3	50	-30	0	12	60
2026-04-24 19:24:33	1	4	140	-20	0	255	60
2026-04-24 19:24:34	0	3	50	-30	0	12	60
2026-04-24 19:24:34	1	4	140	-20	0	255	60
2026-04-24 19:24:35	0	3	50	-30	0	12	60
2026-04-24 19:24:35	1	4	140	-20	0	255	60
2026-04-24 19:24:36	0	3	50	-30	0	12	60
2026-04-24 19:24:36	1	4	140	-20	0	255	60
2026-04-24 19:24:37	0	3	50	-30	0	12	60
2026-04-24 19:24:37	1	4	140	-20	0	255	60
2026-04-24 19:24:38	0	3	50	-30	0	12	60
2026-04-24 19:24:38	1	4	140	-20	0	255	60
2026-04-24 19:24:39	0	3	50	-30	0	12	60
2026-04-24 19:24:39	1	4	140	-20	0	255	60
2026-04-24 19:24:40	0	3	50	-30	0	12	60
2026-04-24 19:24:40	1	4	140	-20	0	255	60
2026-04-24 19:24:41	0	3	50	-30	0	12	60
2026-04-24 19:24:41	1	4	140	-20	0	255	60
2026-04-24 19:24:42	0	3	50	-30	0	12	60
2026-04-24 19:24:42	1	4	140	-20	0	255	60
2026-04-24 19:24:43	0	3	50	-30	0	12	60
2026-04-24 19:24:43	1	4	140	-20	0	255	60
2026-04-24 19:24:44	0	3	50	-30	0	12	60
2026-04-24 19:24:44	1	4	140	-20	0	255	60
2026-04-24 19:24:45	0	3	50	-30	0	12	60
2026-04-24 19:24:45	1	4	140	-20	0	255	60
2026-04-24 19:24:46	0	3	50	-30	0	12	60
2026-04-24 19:24:46	1	4	140	-20	0	255	60
2026-04-24 19:24:47	0	3	50	-30	0	12	60
2026-04-24 19:24:47	1	4	140	-20	0	255	60
2026-04-24 19:24:48	0	3	50	-30	0	12	60
2026-04-24 19:24:48	1	4	140	-20	0	255	60
2026-04-24 19:24:49	0	3	50	-20	0	12	60
2026-04-24 19:24:49	1	4	140	-20	0	255	60
2026-04-24 19:24:50	0	3	50	-30	0	12	60
2026-04-24 19:24:50	1	4	140	-20	0	255	60
2026-04-24 19:24:51	0	3	50	-30	0	12	60
2026-04-24 19:24:51	1	4	140	-20	0	255	60
2026-04-24 19:24:52	0	3	50	-30	0	12	60
2026-04-24 19:24:52	1	4	140	-20	0	255	60
2026-04-24 19:24:53	0	3	50	-30	0	12	60
2026-04-24 19:24:53	1	4	140	-20	0	255	60
2026-04-24 19:24:54	0	3	50	-30	0	12	60
2026-04-24 19:24:54	1	4	140	-20	0	255	60
2026-04-24 19:24:55	0	3	50	-30	0	12	60
2026-04-24 19:24:55	1	4	140	-20	0	255	60
2026-04-24 19:24:56	0	3	50	-30	0	12	60
2026-04-24 19:24:56	1	4	140	-20	0	255	60
2026-04-24 19:24:57	0	3	50	-30	0	12	60
2026-04-24 19:24:57	1	4	140	-20	0	255	60
2026-04-24 19:24:58	0	3	50	-30	0	12	60
2026-04-24 19:24:58	1	4	140	-20	0	255	60
2026-04-24 19:24:59	0	3	50	-30	0	12	60
2026-04-24 19:24:59	1	4	140	-20	0	255	60
2026-04-24 19:25:00	0	3	50	-30	0	12	60
2026-04-24 19:25:00	1	4	140	-20	0	255	60
2026-04-24 19:25:01	0	3	50	-30	0	12	60
2026-04-24 19:25:01	1	4	140	-20	0	255	60
2026-04-24 19:25:02	0	3	50	-30	0	12	60
2026-04-24 19:25:02	1	4	140	-20	0	255	60
2026-04-24 19:25:03	0	3	50	-30	0	12	60
2026-04-24 19:25:03	1	4	140	-20	0	255	60
2026-04-24 19:25:04	0	3	50	-30	0	12	60
2026-04-24 19:25:04	1	4	140	-20	0	255	60
2026-04-24 19:25:05	0	3	50	-30	0	12	60
2026-04-24 19:25:05	1	4	140	-20	0	255	60
2026-04-24 19:25:06	0	3	50	-30	0	12	60
2026-04-24 19:25:06	1	4	140	-20	0	255	60
2026-04-24 19:25:07	0	3	50	-30	0	12	60
2026-04-24 19:25:07	1	4	140	-20	0	255	60
2026-04-24 19:25:08	0	3	50	-30	0	12	60
2026-04-24 19:25:08	1	4	140	-20	0	255	60
2026-04-24 19:25:08	0	3	50	-30	0	12	60
2026-04-24 19:25:08	1	4	140	-20	0	255	60
2026-04-24 19:25:09	0	3	50	-20	0	12	60
2026-04-24 19:25:09	1	4	140	-20	101	255	60
2026-04-24 19:25:10	0	3	50	-10	0	12	60
2026-04-24 19:25:10	1	4	130	-40	0	255	60
2026-04-24 19:25:11	0	3	40	-10	72	12	60
2026-04-24 19:25:11	1	4	140	-30	0	255	60
2026-04-24 19:25:12	0	3	40	-10	0	12	60
2026-04-24 19:25:12	1	4	130	-30	0	255	60
2026-04-24 19:25:13	0	3	40	-20	0	12	60
2026-04-24 19:25:13	1	4	130	-30	0	255	60
2026-04-24 19:25:14	0	3	40	-20	0	12	60
2026-04-24 19:25:14	1	4	130	-30	0	255	60
2026-04-24 19:25:15	0	3	40	-20	0	12	60
2026-04-24 19:25:15	1	4	130	-30	0	255	60
2026-04-24 19:25:16	0	3	40	-20	0	12	60
2026-04-24 19:25:16	1	4	130	-30	0	255	60
2026-04-24 19:25:17	0	3	50	-30	0	12	60
2026-04-24 19:25:17	1	4	130	-30	0	255	60
2026-04-24 19:25:18	0	3	50	-30	0	12	60
2026-04-24 19:25:18	1	4	130	-30	0	255	60
2026-04-24 19:25:19	0	3	50	-30	0	12	60
2026-04-24 19:25:19	1	4	130	-30	0	255	60
2026-04-24 19:25:20	0	3	50	-30	0	12	60
2026-04-24 19:25:20	1	4	130	-30	0	255	60
2026-04-24 19:25:21	0	3	50	-30	0	12	60
2026-04-24 19:25:21	1	4	130	-30	0	255	60
2026-04-24 19:25:22	0	3	50	-30	0	12	60
2026-04-24 19:25:22	1	4	130	-30	0	255	60
2026-04-24 19:25:23	0	3	50	-30	0	12	60
2026-04-24 19:25:23	1	4	130	-30	0	255	60
2026-04-24 19:25:24	0	3	50	-30	0	12	60
2026-04-24 19:25:24	1	4	130	-30	0	255	60
2026-04-24 19:25:25	0	3	50	-30	0	12	60
2026-04-24 19:25:25	1	4	130	-30	0	255	60
2026-04-24 19:25:26	0	3	50	-30	0	12	60
2026-04-24 19:25:26	1	4	130	-30	0	255	60
2026-04-24 19:25:27	0	3	50	-30	0	12	60
2026-04-24 19:25:27	1	4	130	-30	0	255	60
2026-04-24 19:25:28	0	3	50	-30	0	12	60
2026-04-24 19:25:28	1	4	130	-30	0	255	60
2026-04-24 19:25:29	0	3	50	-30	0	12	60
2026-04-24 19:25:29	1	4	130	-30	0	255	60
2026-04-24 19:25:30	0	3	50	-30	0	12	60
2026-04-24 19:25:30	1	4	130	-30	0	255	60
2026-04-24 19:25:31	0	3	50	-30	0	12	60
2026-04-24 19:25:31	1	4	130	-30	0	255	60
2026-04-24 19:25:32	0	3	50	-30	0	12	60
2026-04-24 19:25:32	1	4	130	-30	0	255	60
2026-04-24 19:25:33	0	3	50	-30	0	12	60
2026-04-24 19:25:33	1	4	130	-30	0	255	60
2026-04-24 19:25:34	0	3	50	-30	0	12	60
2026-04-24 19:25:34	1	4	130	-30	0	255	60
2026-04-24 19:25:35	0	3	50	-30	0	12	60
2026-04-24 19:25:35	1	4	130	-30	0	255	60
2026-04-24 19:25:36	0	3	50	-30	0	12	60
2026-04-24 19:25:36	1	4	130	-30	0	255	60
2026-04-24 19:25:37	0	3	50	-30	0	12	60
2026-04-24 19:25:37	1	4	130	-30	0	255	60
2026-04-24 19:25:38	0	3	50	-30	0	12	60
2026-04-24 19:25:38	1	4	130	-30	0	255	60
2026-04-24 19:25:39	0	3	50	-30	0	12	60
2026-04-24 19:25:39	1	4	130	-30	0	255	60
2026-04-24 19:25:40	0	3	50	-30	0	12	60
2026-04-24 19:25:40	1	4	130	-30	0	255	60
2026-04-24 19:25:41	0	3	50	-30	0	12	60
2026-04-24 19:25:41	1	4	130	-30	0	255	60
2026-04-24 19:25:42	0	3	50	-30	0	12	60
2026-04-24 19:25:42	1	4	130	-30	0	255	60
2026-04-24 19:25:43	0	3	50	-30	0	12	60
2026-04-24 19:25:43	1	4	130	-30	0	255	60
2026-04-24 19:25:44	0	3	50	-30	0	12	60
2026-04-24 19:25:44	1	4	130	-30	0	255	60
2026-04-24 19:25:45	0	3	50	-30	0	12	60
2026-04-24 19:25:45	1	4	130	-30	0	255	60
2026-04-24 19:25:46	0	3	50	-30	0	12	60
2026-04-24 19:25:46	1	4	130	-30	0	255	60
2026-04-24 19:25:47	0	3	50	-30	0	12	60
2026-04-24 19:25:47	1	4	130	-30	0	255	60
2026-04-24 19:25:48	0	3	50	-30	0	12	60
2026-04-24 19:25:48	1	4	130	-30	0	255	60
2026-04-24 19:25:49	0	3	50	-30	0	12	60
2026-04-24 19:25:49	1	4	130	-30	0	255	60
2026-04-24 19:25:50	0	3	50	-30	0	12	60
2026-04-24 19:25:50	1	4	130	-30	0	255	60
2026-04-24 19:25:51	0	3	50	-30	0	12	60
2026-04-24 19:25:51	1	4	130	-30	0	255	60
2026-04-24 19:25:52	0	3	50	-30	0	12	60
2026-04-24 19:25:52	1	4	130	-30	0	255	60
2026-04-24 19:25:53	0	3	50	-30	0	12	60
2026-04-24 19:25:53	1	4	130	-30	0	255	60
2026-04-24 19:25:54	0	3	50	-30	0	12	60
2026-04-24 19:25:54	1	4	130	-30	0	255	60
2026-04-24 19:25:55	0	3	50	-30	0	12	60
2026-04-24 19:25:55	1	4	130	-30	0	255	60
2026-04-24 19:25:56	0	3	50	-30	0	12	60
2026-04-24 19:25:56	1	4	130	-30	0	255	60
2026-04-24 19:25:57	0	3	50	-30	0	12	60
2026-04-24 19:25:57	1	4	130	-30	0	255	60
2026-04-24 19:25:58	0	3	50	-30	0	12	60
2026-04-24 19:25:58	1	4	130	-30	0	255	60
2026-04-24 19:25:59	0	3	50	-30	0	12	60
2026-04-24 19:25:59	1	4	130	-30	0	255	60
2026-04-24 19:26:00	0	3	50	-30	0	12	60
2026-04-24 19:26:00	1	4	130	-30	0	255	60
2026-04-24 19:26:02	0	3	50	-30	0	12	60
2026-04-24 19:26:02	1	4	130	-30	0	255	60
2026-04-24 19:26:02	0	3	50	-30	0	12	60
2026-04-24 19:26:02	1	4	130	-30	0	255	60
2026-04-24 19:26:03	0	3	50	-30	0	12	60
2026-04-24 19:26:03	1	4	130	-30	0	255	60
2026-04-24 19:26:04	0	3	50	-30	0	12	60
2026-04-24 19:26:04	1	4	140	-30	0	255	60
2026-04-24 19:26:05	0	3	50	-10	0	12	60
2026-04-24 19:26:05	1	4	140	-20	0	255	60
2026-04-24 19:26:06	0	3	50	-20	0	12	60
2026-04-24 19:26:06	1	4	140	-10	0	255	60
2026-04-24 19:26:07	0	3	40	-10	87	12	60
2026-04-24 19:26:07	1	4	160	-20	0	255	60
2026-04-24 19:26:08	0	3	30	-20	0	12	60
2026-04-24 19:26:08	1	4	170	-20	0	255	60
2026-04-24 19:26:09	0	3	40	-10	0	12	60
2026-04-24 19:26:09	1	4	170	-20	0	255	60
2026-04-24 19:26:10	0	3	40	-10	0	12	60
2026-04-24 19:26:10	1	4	170	-20	0	255	60
2026-04-24 19:26:11	0	3	40	-10	0	12	60
2026-04-24 19:26:11	1	4	170	-20	0	255	60
2026-04-24 19:26:12	0	3	40	-10	0	12	60
2026-04-24 19:26:12	1	4	170	-20	0	255	60
2026-04-24 19:26:13	0	3	40	0	85	12	60
2026-04-24 19:26:13	1	4	170	-20	0	255	60
2026-04-24 19:26:14	0	3	50	20	89	12	60
2026-04-24 19:26:14	1	4	170	0	0	255	60
2026-04-24 19:26:15	0	3	40	30	85	12	60
2026-04-24 19:26:15	1	4	180	0	0	255	60
2026-04-24 19:26:16	0	3	40	10	0	12	60
2026-04-24 19:26:16	1	4	160	20	0	255	60
2026-04-24 19:26:17	0	3	40	10	0	12	60
2026-04-24 19:26:17	1	4	160	20	0	255	60
2026-04-24 19:26:18	0	3	40	10	0	12	60
2026-04-24 19:26:18	1	4	160	20	0	255	60
2026-04-24 19:26:19	0	3	40	10	0	12	60
2026-04-24 19:26:19	1	4	160	20	0	255	60
2026-04-24 19:26:20	0	3	40	10	0	12	60
2026-04-24 19:26:20	1	4	160	20	0	255	60
2026-04-24 19:26:21	0	3	40	10	0	12	60
2026-04-24 19:26:21	1	4	160	20	0	255	60
2026-04-24 19:26:22	0	3	40	10	0	12	60
2026-04-24 19:26:22	1	4	160	20	0	255	60
2026-04-24 19:26:23	0	3	40	10	0	12	60
2026-04-24 19:26:23	1	4	160	20	0	255	60
2026-04-24 19:26:24	0	3	40	10	0	12	60
2026-04-24 19:26:24	1	4	160	20	0	255	60
2026-04-24 19:26:25	0	3	40	10	0	12	60
2026-04-24 19:26:25	1	4	160	20	0	255	60
2026-04-24 19:26:26	0	3	40	10	0	12	60
2026-04-24 19:26:26	1	4	160	20	0	255	60
2026-04-24 19:26:27	0	3	40	10	0	12	60
2026-04-24 19:26:27	1	4	160	20	0	255	60
2026-04-24 19:26:28	0	3	40	10	0	12	60
2026-04-24 19:26:28	1	4	160	20	0	255	60
2026-04-24 19:26:29	0	3	40	10	0	12	60
2026-04-24 19:26:29	1	4	160	20	0	255	60
2026-04-24 19:26:30	0	3	40	10	0	12	60
2026-04-24 19:26:30	1	4	160	20	0	255	60
2026-04-24 19:26:31	0	3	40	10	0	12	60
2026-04-24 19:26:31	1	4	160	20	0	255	60
2026-04-24 19:26:32	0	3	40	10	0	12	60
2026-04-24 19:26:32	1	4	160	20	0	255	60
2026-04-24 19:26:33	0	3	40	10	0	12	60
2026-04-24 19:26:33	1	4	160	20	0	255	60
2026-04-24 19:26:34	0	3	40	10	0	12	60
2026-04-24 19:26:34	1	4	160	20	0	255	60
2026-04-24 19:26:35	0	3	50	30	87	12	60
2026-04-24 19:26:35	1	4	160	20	0	255	60
2026-04-24 19:26:36	0	3	50	20	84	12	60
2026-04-24 19:26:36	1	4	160	20	0	255	60
2026-04-24 19:26:37	0	3	50	20	84	12	60
2026-04-24 19:26:37	1	4	160	20	0	255	60
2026-04-24 19:26:38	0	3	50	20	0	12	60
2026-04-24 19:26:38	1	4	160	20	0	255	60
2026-04-24 19:26:39	0	3	50	20	0	12	60
2026-04-24 19:26:39	1	4	160	20	0	255	60
2026-04-24 19:26:40	0	3	50	20	0	12	60
2026-04-24 19:26:40	1	4	160	20	0	255	60
2026-04-24 19:26:41	0	3	50	20	0	12	60
2026-04-24 19:26:41	1	4	160	20	0	255	60
2026-04-24 19:26:42	0	3	50	20	0	12	60
2026-04-24 19:26:42	1	4	160	20	0	255	60
2026-04-24 19:26:43	0	3	50	20	0	12	60
2026-04-24 19:26:43	1	4	160	20	0	255	60
2026-04-24 19:26:44	0	3	50	20	0	12	60
2026-04-24 19:26:44	1	4	160	20	0	255	60
2026-04-24 19:26:45	0	3	50	20	0	12	60
2026-04-24 19:26:45	1	4	160	20	0	255	60
2026-04-24 19:26:46	0	3	50	20	0	12	60
2026-04-24 19:26:46	1	4	160	20	0	255	60
2026-04-24 19:26:47	0	3	50	20	0	12	60
2026-04-24 19:26:47	1	4	160	20	0	255	60
2026-04-24 19:26:48	0	3	50	20	0	12	60
2026-04-24 19:26:48	1	4	160	20	0	255	60
2026-04-24 19:26:49	0	3	50	20	0	12	60
2026-04-24 19:26:49	1	4	160	20	0	255	60
2026-04-24 19:26:50	0	3	50	20	0	12	60
2026-04-24 19:26:50	1	4	160	20	0	255	60
2026-04-24 19:26:51	0	3	50	20	0	12	60
2026-04-24 19:26:51	1	4	160	20	0	255	60
2026-04-24 19:26:52	0	3	50	20	0	12	60
2026-04-24 19:26:52	1	4	160	20	0	255	60
2026-04-24 19:26:53	0	3	50	20	0	12	60
2026-04-24 19:26:53	1	4	160	20	0	255	60
2026-04-24 19:26:54	0	3	50	20	0	12	60
2026-04-24 19:26:54	1	4	160	20	0	255	60
2026-04-24 19:26:55	0	3	50	20	0	12	60
2026-04-24 19:26:55	1	4	160	10	115	255	60
2026-04-24 19:26:56	0	3	40	0	78	12	60
2026-04-24 19:26:56	1	4	150	-30	0	255	60
2026-04-24 19:26:57	0	3	40	-10	89	12	60
2026-04-24 19:26:57	1	4	150	-30	0	255	60
2026-04-24 19:26:58	0	3	40	-20	94	12	60
2026-04-24 19:26:58	1	4	140	-20	0	255	60
2026-04-24 19:26:59	0	3	40	-20	0	12	60
2026-04-24 19:26:59	1	4	150	-20	0	255	60
2026-04-24 19:27:00	0	3	40	-20	0	12	60
2026-04-24 19:27:00	1	4	150	-20	0	255	60
2026-04-24 19:27:01	0	3	40	-20	0	12	60
2026-04-24 19:27:01	1	4	150	-20	0	255	60
2026-04-24 19:27:02	0	3	40	-20	0	12	60
2026-04-24 19:27:02	1	4	150	-20	0	255	60
2026-04-24 19:27:03	0	3	40	-20	0	12	60
2026-04-24 19:27:03	1	4	150	-20	0	255	60
2026-04-24 19:27:04	0	3	40	-20	0	12	60
2026-04-24 19:27:04	1	4	150	-30	0	255	60
2026-04-24 19:27:05	0	3	40	-20	0	12	60
2026-04-24 19:27:05	1	4	150	-30	0	255	60
2026-04-24 19:27:06	0	3	40	-20	0	12	60
2026-04-24 19:27:06	1	4	150	-30	0	255	60
2026-04-24 19:27:07	0	3	40	-20	0	12	60
2026-04-24 19:27:07	1	4	150	-30	0	255	60
2026-04-24 19:27:08	0	3	40	-20	0	12	60
2026-04-24 19:27:08	1	4	150	-30	0	255	60
2026-04-24 19:27:09	0	3	40	-20	0	12	60
2026-04-24 19:27:09	1	4	150	-30	0	255	60
2026-04-24 19:27:10	0	3	40	-20	0	12	60
2026-04-24 19:27:10	1	4	150	-30	0	255	60
2026-04-24 19:27:11	0	3	40	-20	0	12	60
2026-04-24 19:27:11	1	4	150	-30	0	255	60
2026-04-24 19:27:12	0	3	40	-20	0	12	60
2026-04-24 19:27:12	1	4	150	-30	0	255	60
2026-04-24 19:27:12	0	3	40	-20	0	12	60
2026-04-24 19:27:12	1	4	150	-30	0	255	60
2026-04-24 19:27:13	0	3	40	-20	0	12	60
2026-04-24 19:27:13	1	4	150	-30	0	255	60
2026-04-24 19:27:14	0	3	40	-20	0	12	60
2026-04-24 19:27:14	1	4	150	-30	0	255	60
2026-04-24 19:27:15	0	3	40	-20	0	12	60
2026-04-24 19:27:15	1	4	150	-30	0	255	60
2026-04-24 19:27:16	0	3	40	-20	0	12	60
2026-04-24 19:27:16	1	4	150	-30	0	255	60
2026-04-24 19:27:17	0	3	40	-20	0	12	60
2026-04-24 19:27:17	1	4	150	-30	0	255	60
2026-04-24 19:27:18	0	3	40	-20	0	12	60
2026-04-24 19:27:18	1	4	150	-30	0	255	60
2026-04-24 19:27:19	0	3	40	-20	0	12	60
2026-04-24 19:27:19	1	4	150	-30	0	255	60
2026-04-24 19:27:20	0	3	40	-20	0	12	60
2026-04-24 19:27:20	1	4	150	-30	0	255	60
2026-04-24 19:27:21	0	3	40	-20	0	12	60
2026-04-24 19:27:21	1	4	150	-30	0	255	60
2026-04-24 19:27:22	0	3	40	-20	0	12	60
2026-04-24 19:27:22	1	4	150	-30	0	255	60
2026-04-24 19:27:23	0	3	40	-20	0	12	60
2026-04-24 19:27:23	1	4	150	-30	0	255	60
2026-04-24 19:27:24	0	3	40	-20	0	12	60
2026-04-24 19:27:24	1	4	150	-30	0	255	60
2026-04-24 19:27:25	0	3	40	-20	0	12	60
2026-04-24 19:27:25	1	4	150	-30	0	255	60
2026-04-24 19:27:26	0	3	40	-20	0	12	60
2026-04-24 19:27:26	1	4	150	-30	0	255	60
2026-04-24 19:27:27	0	3	40	-20	77	12	60
2026-04-24 19:27:27	1	4	150	-30	0	255	60
2026-04-24 19:27:28	0	3	60	-10	0	12	60
2026-04-24 19:27:28	1	4	130	-70	0	255	60
2026-04-24 19:27:29	0	3	60	-10	0	12	60
2026-04-24 19:27:29	1	4	130	-70	0	255	60
2026-04-24 19:27:30	0	3	60	-10	79	12	60
2026-04-24 19:27:30	1	4	130	-50	0	255	60
2026-04-24 19:27:31	0	3	50	-10	84	12	60
2026-04-24 19:27:31	1	4	140	-40	0	255	60
2026-04-24 19:27:32	0	3	50	-10	0	12	60
2026-04-24 19:27:32	1	4	150	-40	0	255	60
2026-04-24 19:27:33	0	3	40	-30	115	12	60
2026-04-24 19:27:33	1	4	150	-50	0	255	60
2026-04-24 19:27:34	0	3	60	-40	6	12	60
2026-04-24 19:27:34	1	4	150	-60	0	255	60
2026-04-24 19:27:35	0	3	50	-30	84	12	60
2026-04-24 19:27:35	1	4	150	-60	0	255	60
2026-04-24 19:27:36	0	3	40	-20	0	12	60
2026-04-24 19:27:36	1	4	150	-60	0	255	60
2026-04-24 19:27:37	0	3	40	-20	0	12	60
2026-04-24 19:27:37	1	4	150	-60	0	255	60
2026-04-24 19:27:38	0	3	40	-20	0	12	60
2026-04-24 19:27:38	1	4	150	-60	0	255	60
2026-04-24 19:27:39	0	3	40	-20	0	12	60
2026-04-24 19:27:39	1	4	150	-60	0	255	60
2026-04-24 19:27:40	0	3	40	-20	0	12	60
2026-04-24 19:27:40	1	4	150	-50	0	255	60
2026-04-24 19:27:41	0	3	40	-20	0	12	60
2026-04-24 19:27:41	1	4	150	-50	0	255	60
2026-04-24 19:27:42	0	3	40	-20	0	12	60
2026-04-24 19:27:42	1	4	150	-50	0	255	60
2026-04-24 19:27:43	0	3	40	-20	0	12	60
2026-04-24 19:27:43	1	4	150	-50	0	255	60
2026-04-24 19:27:44	0	3	40	-20	0	12	60
2026-04-24 19:27:44	1	4	150	-50	0	255	60
2026-04-24 19:27:45	0	3	40	-20	0	12	60
2026-04-24 19:27:45	1	4	150	-50	0	255	60
2026-04-24 19:27:46	0	3	40	-20	0	12	60
2026-04-24 19:27:46	1	4	150	-50	0	255	60
2026-04-24 19:27:47	0	3	40	-20	0	12	60
2026-04-24 19:27:47	1	4	150	-50	0	255	60
2026-04-24 19:27:48	0	3	40	-20	0	12	60
2026-04-24 19:27:48	1	4	150	-50	0	255	60
2026-04-24 19:27:49	0	3	40	-20	0	12	60
2026-04-24 19:27:49	1	4	150	-50	0	255	60
2026-04-24 19:27:50	0	3	40	-20	0	12	60
2026-04-24 19:27:50	1	4	150	-50	0	255	60
2026-04-24 19:27:51	0	3	40	-20	0	12	60
2026-04-24 19:27:51	1	4	150	-50	0	255	60
2026-04-24 19:27:52	0	3	40	-20	0	12	60
2026-04-24 19:27:52	1	4	150	-50	0	255	60
2026-04-24 19:27:53	0	3	40	-20	0	12	60
2026-04-24 19:27:53	1	4	150	-50	0	255	60
2026-04-24 19:27:54	0	3	40	-20	0	12	60
2026-04-24 19:27:54	1	4	150	-50	0	255	60
2026-04-24 19:27:55	0	3	40	-20	44	12	60
2026-04-24 19:27:55	1	4	150	-50	0	255	60
2026-04-24 19:27:56	0	3	50	-20	0	12	60
2026-04-24 19:27:56	1	4	150	-50	0	255	60
2026-04-24 19:27:57	0	3	50	-20	0	12	60
2026-04-24 19:27:57	1	4	150	-50	0	255	60
2026-04-24 19:27:58	0	3	50	-20	0	12	60
2026-04-24 19:27:58	1	4	150	-50	0	255	60
2026-04-24 19:27:59	0	3	50	-20	0	12	60
2026-04-24 19:27:59	1	4	150	-50	0	255	60
2026-04-24 19:28:01	0	3	50	-20	0	12	60
2026-04-24 19:28:01	1	4	150	-50	0	255	60
2026-04-24 19:28:01	0	3	50	-20	0	12	60
2026-04-24 19:28:01	1	4	150	-50	0	255	60
2026-04-24 19:28:02	0	3	50	-20	0	12	60
2026-04-24 19:28:02	1	4	150	-50	0	255	60
2026-04-24 19:28:03	0	3	50	-20	0	12	60
2026-04-24 19:28:03	1	4	150	-50	0	255	60
2026-04-24 19:28:04	0	3	50	-20	0	12	60
2026-04-24 19:28:04	1	4	150	-50	0	255	60
2026-04-24 19:28:05	0	3	50	-20	0	12	60
2026-04-24 19:28:05	1	4	150	-50	0	255	60
2026-04-24 19:28:06	0	3	50	-20	0	12	60
2026-04-24 19:28:06	1	4	150	-50	0	255	60
2026-04-24 19:28:07	0	3	50	-20	0	12	60
2026-04-24 19:28:07	1	4	150	-50	0	255	60
2026-04-24 19:28:08	0	3	50	-20	0	12	60
2026-04-24 19:28:08	1	4	150	-50	0	255	60
2026-04-24 19:28:09	0	3	50	-20	0	12	60
2026-04-24 19:28:09	1	4	150	-50	0	255	60
2026-04-24 19:28:10	0	3	50	-20	0	12	60
2026-04-24 19:28:10	1	4	150	-50	0	255	60
2026-04-24 19:28:11	0	3	50	-20	0	12	60
2026-04-24 19:28:11	1	4	150	-50	0	255	60
2026-04-24 19:28:12	0	3	50	-20	0	12	60
2026-04-24 19:28:12	1	4	150	-50	0	255	60
2026-04-24 19:28:13	0	3	50	-20	0	12	60
2026-04-24 19:28:13	1	4	150	-50	0	255	60
2026-04-24 19:28:14	0	3	50	-20	0	12	60
2026-04-24 19:28:14	1	4	150	-50	0	255	60
2026-04-24 19:28:15	0	3	50	-20	0	12	60
2026-04-24 19:28:15	1	4	150	-50	0	255	60
2026-04-24 19:28:16	0	3	50	-20	0	12	60
2026-04-24 19:28:16	1	4	150	-50	0	255	60
2026-04-24 19:28:17	0	3	50	-20	0	12	60
2026-04-24 19:28:17	1	4	150	-50	0	255	60
2026-04-24 19:28:18	0	3	50	-20	0	12	60
2026-04-24 19:28:18	1	4	150	-50	0	255	60
2026-04-24 19:28:19	0	3	50	-20	0	12	60
2026-04-24 19:28:19	1	4	150	-50	0	255	60
2026-04-24 19:28:20	0	3	50	-20	0	12	60
2026-04-24 19:28:20	1	4	150	-50	0	255	60
2026-04-24 19:28:21	0	3	50	-20	0	12	60
2026-04-24 19:28:21	1	4	150	-50	0	255	60
2026-04-24 19:28:22	0	3	50	-20	0	12	60
2026-04-24 19:28:22	1	4	150	-50	0	255	60
2026-04-24 19:28:23	0	3	50	-20	0	12	60
2026-04-24 19:28:23	1	4	150	-50	0	255	60
2026-04-24 19:28:24	0	3	50	-20	0	12	60
2026-04-24 19:28:24	1	4	150	-50	0	255	60
2026-04-24 19:28:25	0	3	50	-20	0	12	60
2026-04-24 19:28:25	1	4	150	-50	0	255	60
2026-04-24 19:28:26	0	3	50	-20	76	12	60
2026-04-24 19:28:26	1	4	160	-40	0	255	60
2026-04-24 19:28:27	0	3	50	-20	0	12	60
2026-04-24 19:28:27	1	4	170	-30	0	255	60
2026-04-24 19:28:28	0	3	50	-20	106	12	60
2026-04-24 19:28:28	1	4	170	-20	0	255	60
2026-04-24 19:28:29	0	3	50	-10	69	12	60
2026-04-24 19:28:29	1	4	160	-30	0	255	60
2026-04-24 19:28:30	0	3	30	-10	0	12	60
2026-04-24 19:28:30	1	4	160	-20	0	255	60
2026-04-24 19:28:31	0	3	30	-10	0	12	60
2026-04-24 19:28:31	1	4	160	-30	0	255	60
2026-04-24 19:28:32	0	3	30	-10	0	12	60
2026-04-24 19:28:32	1	4	160	-30	0	255	60
2026-04-24 19:28:33	0	3	40	-10	0	12	60
2026-04-24 19:28:33	1	4	160	-30	0	255	60
2026-04-24 19:28:34	0	3	40	-10	0	12	60
2026-04-24 19:28:34	1	4	160	-30	0	255	60
2026-04-24 19:28:35	0	3	40	-10	0	12	60
2026-04-24 19:28:35	1	4	160	-30	0	255	60
2026-04-24 19:28:36	0	3	40	-10	0	12	60
2026-04-24 19:28:36	1	4	160	-30	0	255	60
2026-04-24 19:28:37	0	3	40	-10	0	12	60
2026-04-24 19:28:37	1	4	160	-20	0	255	60
2026-04-24 19:28:38	0	3	40	-10	0	12	60
2026-04-24 19:28:38	1	4	160	-20	0	255	60
2026-04-24 19:28:39	0	3	40	-10	0	12	60
2026-04-24 19:28:39	1	4	160	-20	0	255	60
2026-04-24 19:28:40	0	3	40	-10	0	12	60
2026-04-24 19:28:40	1	4	160	-20	0	255	60
2026-04-24 19:28:41	0	3	40	-10	0	12	60
2026-04-24 19:28:41	1	4	160	-20	0	255	60
2026-04-24 19:28:42	0	3	40	-10	0	12	60
2026-04-24 19:28:42	1	4	160	-20	0	255	60
2026-04-24 19:28:43	0	3	40	-10	0	12	60
2026-04-24 19:28:43	1	4	160	-20	0	255	60
2026-04-24 19:28:44	0	3	40	-10	0	12	60
2026-04-24 19:28:44	1	4	160	-20	0	255	60
2026-04-24 19:28:45	0	3	40	-10	0	12	60
2026-04-24 19:28:45	1	4	160	-20	0	255	60
2026-04-24 19:28:46	0	3	40	-10	0	12	60
2026-04-24 19:28:46	1	4	160	-20	0	255	60
2026-04-24 19:28:47	0	3	40	-10	0	12	60
2026-04-24 19:28:47	1	4	160	-20	0	255	60
2026-04-24 19:28:48	0	3	40	-10	0	12	60
2026-04-24 19:28:48	1	4	160	-20	0	255	60
2026-04-24 19:28:49	0	3	40	-10	0	12	60
2026-04-24 19:28:49	1	4	160	-20	0	255	60
2026-04-24 19:28:50	0	3	40	-10	0	12	60
2026-04-24 19:28:50	1	4	160	-20	0	255	60
2026-04-24 19:28:51	0	3	40	-10	0	12	60
2026-04-24 19:28:51	1	4	160	-20	0	255	60
2026-04-24 19:28:52	0	3	40	-10	0	12	60
2026-04-24 19:28:52	1	4	160	-20	0	255	60
2026-04-24 19:28:53	0	3	40	-10	0	12	60
2026-04-24 19:28:53	1	4	160	-20	0	255	60
2026-04-24 19:28:54	0	3	40	-10	0	12	60
2026-04-24 19:28:54	1	4	160	-20	0	255	60
2026-04-24 19:28:55	0	3	40	-10	0	12	60
2026-04-24 19:28:55	1	4	160	-20	0	255	60
2026-04-24 19:28:56	0	3	40	-10	0	12	60
2026-04-24 19:28:56	1	4	160	-20	0	255	60
2026-04-24 19:28:57	0	3	40	-10	0	12	60
2026-04-24 19:28:57	1	4	160	-20	0	255	60
2026-04-24 19:28:58	0	3	40	-10	0	12	60
2026-04-24 19:28:58	1	4	160	-20	0	255	60
2026-04-24 19:28:59	0	3	40	-10	0	12	60
2026-04-24 19:28:59	1	4	160	-20	0	255	60
2026-04-24 19:29:00	0	3	40	-10	0	12	60
2026-04-24 19:29:00	1	4	160	-20	0	255	60
2026-04-24 19:29:01	0	3	40	-10	0	12	60
2026-04-24 19:29:01	1	4	160	-20	0	255	60
2026-04-24 19:29:02	0	3	40	-10	0	12	60
2026-04-24 19:29:02	1	4	160	-20	0	255	60
2026-04-24 19:29:03	0	3	40	-10	64	12	60
2026-04-24 19:29:03	1	4	160	-40	0	255	60
2026-04-24 19:29:04	0	3	40	-20	0	12	60
2026-04-24 19:29:04	1	4	150	-50	0	255	60
2026-04-24 19:29:05	0	3	40	-20	55	12	60
2026-04-24 19:29:05	1	4	150	-60	0	255	60
2026-04-24 19:29:06	0	3	40	0	75	12	60
2026-04-24 19:29:06	1	4	160	-20	0	255	60
2026-04-24 19:29:07	0	3	40	20	0	12	60
2026-04-24 19:29:07	1	4	170	10	0	255	60
2026-04-24 19:29:08	0	3	40	20	0	12	60
2026-04-24 19:29:08	1	4	170	10	0	255	60
2026-04-24 19:29:09	0	3	40	20	0	12	60
2026-04-24 19:29:09	1	4	160	10	0	255	60
2026-04-24 19:29:10	0	3	50	20	0	12	60
2026-04-24 19:29:10	1	4	160	10	0	255	60
2026-04-24 19:29:11	0	3	50	20	0	12	60
2026-04-24 19:29:11	1	4	160	10	0	255	60
2026-04-24 19:29:12	0	3	50	20	0	12	60
2026-04-24 19:29:12	1	4	160	10	0	255	60
2026-04-24 19:29:13	0	3	50	20	0	12	60
2026-04-24 19:29:13	1	4	160	10	0	255	60
2026-04-24 19:29:14	0	3	50	20	0	12	60
2026-04-24 19:29:14	1	4	160	20	0	255	60
2026-04-24 19:29:15	0	3	50	20	0	12	60
2026-04-24 19:29:15	1	4	160	20	0	255	60
2026-04-24 19:29:16	0	3	50	20	0	12	60
2026-04-24 19:29:16	1	4	160	20	0	255	60
2026-04-24 19:29:16	0	3	50	30	93	12	60
2026-04-24 19:29:16	1	4	160	20	0	255	60
2026-04-24 19:29:17	0	3	50	30	0	12	60
2026-04-24 19:29:17	1	4	160	20	0	255	60
2026-04-24 19:29:18	0	3	50	30	0	12	60
2026-04-24 19:29:18	1	4	160	20	0	255	60
2026-04-24 19:29:19	0	3	50	30	0	12	60
2026-04-24 19:29:19	1	4	160	20	0	255	60
2026-04-24 19:29:20	0	3	50	30	0	12	60
2026-04-24 19:29:20	1	4	160	20	0	255	60
2026-04-24 19:29:21	0	3	50	30	0	12	60
2026-04-24 19:29:21	1	4	160	20	0	255	60
2026-04-24 19:29:22	0	3	50	30	0	12	60
2026-04-24 19:29:22	1	4	160	20	0	255	60
2026-04-24 19:29:23	0	3	50	30	0	12	60
2026-04-24 19:29:23	1	4	160	20	0	255	60
2026-04-24 19:29:24	0	3	50	30	0	12	60
2026-04-24 19:29:24	1	4	160	20	0	255	60
2026-04-24 19:29:25	0	3	50	30	0	12	60
2026-04-24 19:29:25	1	4	160	20	0	255	60
2026-04-24 19:29:26	0	3	50	30	0	12	60
2026-04-24 19:29:26	1	4	160	20	0	255	60
2026-04-24 19:29:27	0	3	50	30	0	12	60
2026-04-24 19:29:27	1	4	160	20	0	255	60
2026-04-24 19:29:28	0	3	50	30	0	12	60
2026-04-24 19:29:28	1	4	160	20	0	255	60
2026-04-24 19:29:29	0	3	50	30	0	12	60
2026-04-24 19:29:29	1	4	160	20	0	255	60
2026-04-24 19:29:30	0	3	50	30	0	12	60
2026-04-24 19:29:30	1	4	160	20	0	255	60
2026-04-24 19:29:31	0	3	50	30	0	12	60
2026-04-24 19:29:31	1	4	160	20	0	255	60
2026-04-24 19:29:32	0	3	50	30	0	12	60
2026-04-24 19:29:32	1	4	160	20	0	255	60
2026-04-24 19:29:33	0	3	50	30	0	12	60
2026-04-24 19:29:33	1	4	160	20	0	255	60
2026-04-24 19:29:34	0	3	50	30	0	12	60
2026-04-24 19:29:34	1	4	160	20	0	255	60
2026-04-24 19:29:35	0	3	50	30	0	12	60
2026-04-24 19:29:35	1	4	160	20	0	255	60
2026-04-24 19:29:36	0	3	50	30	0	12	60
2026-04-24 19:29:36	1	4	160	20	0	255	60
2026-04-24 19:29:37	0	3	50	20	74	12	60
2026-04-24 19:29:37	1	4	160	20	0	255	60
2026-04-24 19:29:38	0	3	40	20	0	12	60
2026-04-24 19:29:38	1	4	160	20	0	255	60
2026-04-24 19:29:39	0	3	40	20	0	12	60
2026-04-24 19:29:39	1	4	160	20	0	255	60
2026-04-24 19:29:40	0	3	40	20	0	12	60
2026-04-24 19:29:40	1	4	160	20	0	255	60
2026-04-24 19:29:41	0	3	40	20	0	12	60
2026-04-24 19:29:41	1	4	160	20	0	255	60
2026-04-24 19:29:42	0	3	40	20	0	12	60
2026-04-24 19:29:42	1	4	160	20	0	255	60
2026-04-24 19:29:43	0	3	40	20	0	12	60
2026-04-24 19:29:43	1	4	160	20	0	255	60
2026-04-24 19:29:44	0	3	40	20	86	12	60
2026-04-24 19:29:44	1	4	160	20	0	255	60
2026-04-24 19:29:45	0	3	40	0	85	12	60
2026-04-24 19:29:45	1	4	160	-10	0	255	60
2026-04-24 19:29:46	0	3	40	-20	75	12	60
2026-04-24 19:29:46	1	4	160	-40	0	255	60
2026-04-24 19:29:47	0	3	50	-10	0	12	60
2026-04-24 19:29:47	1	4	150	-30	0	255	60
2026-04-24 19:29:48	0	3	50	-10	0	12	60
2026-04-24 19:29:48	1	4	170	-20	0	255	60
2026-04-24 19:29:49	0	3	50	-10	0	12	60
2026-04-24 19:29:49	1	4	180	-20	0	255	60
2026-04-24 19:29:50	0	3	50	-10	0	12	60
2026-04-24 19:29:50	1	4	170	-20	0	255	60
2026-04-24 19:29:51	0	3	50	-10	0	12	60
2026-04-24 19:29:51	1	4	170	-20	0	255	60
2026-04-24 19:29:52	0	3	50	-20	0	12	60
2026-04-24 19:29:52	1	4	150	-30	0	255	60
2026-04-24 19:29:53	0	3	50	-20	0	12	60
2026-04-24 19:29:53	1	4	140	-30	0	255	60
2026-04-24 19:29:54	0	3	50	-20	0	12	60
2026-04-24 19:29:54	1	4	140	-30	0	255	60
2026-04-24 19:29:55	0	3	50	-20	0	12	60
2026-04-24 19:29:55	1	4	140	-30	0	255	60
2026-04-24 19:29:56	0	3	50	-20	0	12	60
2026-04-24 19:29:56	1	4	140	-40	0	255	60
2026-04-24 19:29:57	0	3	50	-20	0	12	60
2026-04-24 19:29:57	1	4	140	-40	0	255	60
2026-04-24 19:29:58	0	3	50	-20	0	12	60
2026-04-24 19:29:58	1	4	140	-40	0	255	60
2026-04-24 19:30:00	0	3	50	-20	0	12	60
2026-04-24 19:30:00	1	4	140	-40	0	255	60
2026-04-24 19:30:00	0	3	50	-20	0	12	60
2026-04-24 19:30:00	1	4	130	-40	0	255	60
2026-04-24 19:30:01	0	3	50	-20	70	12	60
2026-04-24 19:30:01	1	4	150	-40	0	255	60
2026-04-24 19:30:02	0	3	50	-20	27	12	60
2026-04-24 19:30:02	1	4	160	-20	0	255	60
2026-04-24 19:30:03	0	3	40	-20	0	12	60
2026-04-24 19:30:03	1	4	160	-10	0	255	60
2026-04-24 19:30:04	0	3	40	-20	0	12	60
2026-04-24 19:30:04	1	4	160	-10	0	255	60
2026-04-24 19:30:05	0	3	50	-20	0	12	60
2026-04-24 19:30:05	1	4	160	-10	0	255	60
2026-04-24 19:30:06	0	3	50	-20	0	12	60
2026-04-24 19:30:06	1	4	160	-10	0	255	60
2026-04-24 19:30:07	0	3	50	-20	0	12	60
2026-04-24 19:30:07	1	4	160	-10	0	255	60
2026-04-24 19:30:08	0	3	60	-10	0	12	60
2026-04-24 19:30:08	1	4	150	-10	0	255	60
2026-04-24 19:30:09	0	3	60	-10	0	12	60
2026-04-24 19:30:09	1	4	150	-10	0	255	60
2026-04-24 19:30:10	0	3	60	-10	0	12	60
2026-04-24 19:30:10	1	4	150	-10	0	255	60
2026-04-24 19:30:11	0	3	60	-10	0	12	60
2026-04-24 19:30:11	1	4	150	-10	0	255	60
2026-04-24 19:30:12	0	3	60	-10	0	12	60
2026-04-24 19:30:12	1	4	150	-10	0	255	60
2026-04-24 19:30:13	0	3	60	-10	0	12	60
2026-04-24 19:30:13	1	4	150	-10	0	255	60
2026-04-24 19:30:14	0	3	60	-10	0	12	60
2026-04-24 19:30:14	1	4	150	-10	0	255	60
2026-04-24 19:30:15	0	3	60	-10	0	12	60
2026-04-24 19:30:15	1	4	150	-10	0	255	60
2026-04-24 19:30:16	0	3	60	-10	0	12	60
2026-04-24 19:30:16	1	4	150	-10	0	255	60
2026-04-24 19:30:17	0	3	60	-10	0	12	60
2026-04-24 19:30:17	1	4	150	-10	0	255	60
2026-04-24 19:30:18	0	3	60	-10	0	12	60
2026-04-24 19:30:18	1	4	150	-10	0	255	60
2026-04-24 19:30:19	0	3	60	-10	0	12	60
2026-04-24 19:30:19	1	4	150	-10	0	255	60
2026-04-24 19:30:20	0	3	60	-10	0	12	60
2026-04-24 19:30:20	1	4	150	-10	0	255	60
2026-04-24 19:30:21	0	3	50	-20	0	12	60
2026-04-24 19:30:21	1	4	150	-10	0	255	60
2026-04-24 19:30:22	0	3	50	-20	0	12	60
2026-04-24 19:30:22	1	4	150	-10	0	255	60
2026-04-24 19:30:23	0	3	50	-20	0	12	60
2026-04-24 19:30:23	1	4	150	-10	0	255	60
2026-04-24 19:30:24	0	3	50	-20	0	12	60
2026-04-24 19:30:24	1	4	150	-10	0	255	60
2026-04-24 19:30:25	0	3	50	-20	0	12	60
2026-04-24 19:30:25	1	4	150	-10	0	255	60
2026-04-24 19:30:26	0	3	50	-20	0	12	60
2026-04-24 19:30:26	1	4	150	-10	0	255	60
2026-04-24 19:30:27	0	3	50	-20	0	12	60
2026-04-24 19:30:27	1	4	150	-10	0	255	60
2026-04-24 19:30:28	0	3	50	-20	0	12	60
2026-04-24 19:30:28	1	4	150	-10	0	255	60
2026-04-24 19:30:29	0	3	50	-20	0	12	60
2026-04-24 19:30:29	1	4	150	-10	0	255	60
2026-04-24 19:30:30	0	3	50	-20	0	12	60
2026-04-24 19:30:30	1	4	150	-10	0	255	60
2026-04-24 19:30:31	0	3	50	-20	0	12	60
2026-04-24 19:30:31	1	4	150	-10	0	255	60
2026-04-24 19:30:32	0	3	50	-20	0	12	60
2026-04-24 19:30:32	1	4	150	-10	0	255	60
2026-04-24 19:30:33	0	3	50	-20	0	12	60
2026-04-24 19:30:33	1	4	150	-10	0	255	60
2026-04-24 19:30:34	0	3	50	-20	0	12	60
2026-04-24 19:30:34	1	4	150	-10	0	255	60
2026-04-24 19:30:35	0	3	50	-20	0	12	60
2026-04-24 19:30:35	1	4	150	-10	0	255	60
2026-04-24 19:30:36	0	3	50	-20	0	12	60
2026-04-24 19:30:36	1	4	150	-10	0	255	60
2026-04-24 19:30:37	0	3	50	-20	0	12	60
2026-04-24 19:30:37	1	4	150	-10	0	255	60
2026-04-24 19:30:38	0	3	50	-20	0	12	60
2026-04-24 19:30:38	1	4	150	-10	0	255	60
2026-04-24 19:30:39	0	3	50	-20	0	12	60
2026-04-24 19:30:39	1	4	150	-10	0	255	60
2026-04-24 19:30:40	0	3	50	-20	0	12	60
2026-04-24 19:30:40	1	4	160	-10	0	255	60
2026-04-24 19:30:41	0	3	50	-20	0	12	60
2026-04-24 19:30:41	1	4	160	-10	0	255	60
2026-04-24 19:30:42	0	3	50	-20	0	12	60
2026-04-24 19:30:42	1	4	160	-10	0	255	60
2026-04-24 19:30:43	0	3	50	-20	0	12	60
2026-04-24 19:30:43	1	4	160	-10	0	255	60
2026-04-24 19:30:44	0	3	50	-20	0	12	60
2026-04-24 19:30:44	1	4	150	-10	0	255	60
2026-04-24 19:30:45	0	3	50	-20	0	12	60
2026-04-24 19:30:45	1	4	150	-10	0	255	60
2026-04-24 19:30:46	0	3	50	-20	0	12	60
2026-04-24 19:30:46	1	4	150	-10	0	255	60
2026-04-24 19:30:47	0	3	50	-20	0	12	60
2026-04-24 19:30:47	1	4	150	-10	0	255	60
2026-04-24 19:30:48	0	3	50	-20	0	12	60
2026-04-24 19:30:48	1	4	150	-10	0	255	60
2026-04-24 19:30:49	0	3	50	-20	0	12	60
2026-04-24 19:30:49	1	4	150	-10	0	255	60
2026-04-24 19:30:50	0	3	50	-20	0	12	60
2026-04-24 19:30:50	1	4	150	-10	0	255	60
2026-04-24 19:30:51	0	3	50	-20	0	12	60
2026-04-24 19:30:51	1	4	150	-10	0	255	60
2026-04-24 19:30:52	0	3	50	-10	0	12	60
2026-04-24 19:30:52	1	4	160	-20	0	255	60
2026-04-24 19:30:53	0	3	50	0	0	12	60
2026-04-24 19:30:53	1	4	170	-10	0	255	60
2026-04-24 19:30:54	0	3	50	-10	111	12	60
2026-04-24 19:30:54	1	4	170	-10	0	255	60
2026-04-24 19:30:55	0	3	50	-10	0	12	60
2026-04-24 19:30:55	1	4	170	-10	0	255	60
2026-04-24 19:30:56	0	3	50	-10	0	12	60
2026-04-24 19:30:56	1	4	170	-10	0	255	60
2026-04-24 19:30:57	0	3	50	-10	0	12	60
2026-04-24 19:30:57	1	4	170	-10	0	255	60
2026-04-24 19:30:58	0	3	50	-10	0	12	60
2026-04-24 19:30:58	1	4	170	-10	0	255	60
2026-04-24 19:30:59	0	3	50	-10	0	12	60
2026-04-24 19:30:59	1	4	170	-10	0	255	60
2026-04-24 19:31:00	0	3	50	-10	121	12	60
2026-04-24 19:31:00	1	4	170	-10	0	255	60
2026-04-24 19:31:01	0	3	50	-10	0	12	60
2026-04-24 19:31:01	1	4	170	-10	0	255	60
2026-04-24 19:31:02	0	3	50	-10	0	12	60
2026-04-24 19:31:02	1	4	170	-10	0	255	60
2026-04-24 19:31:03	0	3	50	-10	0	12	60
2026-04-24 19:31:03	1	4	170	-10	0	255	60
2026-04-24 19:31:04	0	3	50	-10	0	12	60
2026-04-24 19:31:04	1	4	170	-10	0	255	60
2026-04-24 19:31:05	0	3	50	-10	0	12	60
2026-04-24 19:31:05	1	4	170	-10	0	255	60
2026-04-24 19:31:06	0	3	50	-10	0	12	60
2026-04-24 19:31:06	1	4	170	-10	0	255	60
2026-04-24 19:31:07	0	3	50	-10	0	12	60
2026-04-24 19:31:07	1	4	170	-10	0	255	60
2026-04-24 19:31:08	0	3	50	-10	0	12	60
2026-04-24 19:31:08	1	4	170	-10	0	255	60
2026-04-24 19:31:09	0	3	50	-10	0	12	60
2026-04-24 19:31:09	1	4	170	-10	0	255	60
2026-04-24 19:31:10	0	3	50	-10	0	12	60
2026-04-24 19:31:10	1	4	170	-10	0	255	60
2026-04-24 19:31:11	0	3	50	-10	0	12	60
2026-04-24 19:31:11	1	4	170	-10	0	255	60
2026-04-24 19:31:12	0	3	50	-10	0	12	60
2026-04-24 19:31:12	1	4	170	-10	0	255	60
2026-04-24 19:31:13	0	3	50	-10	0	12	60
2026-04-24 19:31:13	1	4	170	-10	0	255	60
2026-04-24 19:31:14	0	3	50	-10	0	12	60
2026-04-24 19:31:14	1	4	170	-10	0	255	60
2026-04-24 19:31:15	0	3	50	0	0	12	60
2026-04-24 19:31:15	1	4	170	-10	0	255	60
2026-04-24 19:31:16	0	3	60	0	0	12	60
2026-04-24 19:31:16	1	4	170	-10	0	255	60
2026-04-24 19:31:17	0	3	60	0	0	12	60
2026-04-24 19:31:17	1	4	160	-20	114	255	60
2026-04-24 19:31:18	0	3	60	-10	60	12	60
2026-04-24 19:31:18	1	4	150	-30	0	255	60
2026-04-24 19:31:19	0	3	50	-20	50	12	60
2026-04-24 19:31:19	1	4	150	-30	0	255	60
2026-04-24 19:31:20	0	3	30	-20	0	12	60
2026-04-24 19:31:20	1	4	150	-30	0	255	60
2026-04-24 19:31:20	0	3	30	-20	53	12	60
2026-04-24 19:31:20	1	4	150	-20	0	255	60
2026-04-24 19:31:21	0	3	30	-20	98	12	60
2026-04-24 19:31:21	1	4	160	-30	0	255	60
2026-04-24 19:31:23	0	3	10	-20	0	12	60
2026-04-24 19:31:23	1	4	140	-40	0	255	60
2026-04-24 19:31:23	0	3	10	-40	59	12	60
2026-04-24 19:31:23	1	4	140	-40	0	255	60
2026-04-24 19:31:24	0	3	10	-50	0	12	60
2026-04-24 19:31:24	1	4	140	-50	0	255	60
2026-04-24 19:31:25	0	3	20	-30	62	12	60
2026-04-24 19:31:25	1	4	150	-30	0	255	60
2026-04-24 19:31:26	0	3	30	-10	67	12	60
2026-04-24 19:31:26	1	4	150	0	0	255	60
2026-04-24 19:31:27	0	3	30	0	80	12	60
2026-04-24 19:31:27	1	4	150	-20	0	255	60
2026-04-24 19:31:28	0	3	40	0	0	12	60
2026-04-24 19:31:28	1	4	150	0	0	255	60
2026-04-24 19:31:29	0	3	30	0	0	12	60
2026-04-24 19:31:29	1	4	150	-10	0	255	60
2026-04-24 19:31:30	0	3	40	0	64	12	60
2026-04-24 19:31:30	1	4	150	-10	0	255	60
2026-04-24 19:31:31	0	3	40	-10	83	12	60
2026-04-24 19:31:31	1	4	150	-10	0	255	60
2026-04-24 19:31:32	0	3	40	-10	0	12	60
2026-04-24 19:31:32	1	4	150	0	0	255	60
2026-04-24 19:31:33	0	3	30	0	0	12	60
2026-04-24 19:31:33	1	4	150	0	0	255	60
2026-04-24 19:31:34	0	3	40	0	0	12	60
2026-04-24 19:31:34	1	4	150	0	0	255	60
2026-04-24 19:31:35	0	3	30	0	73	12	60
2026-04-24 19:31:35	1	4	160	-10	0	255	60
2026-04-24 19:31:36	0	3	40	0	70	12	60
2026-04-24 19:31:36	1	4	160	-10	0	255	60
2026-04-24 19:31:37	0	3	40	-10	66	12	60
2026-04-24 19:31:37	1	4	150	-30	0	255	60
2026-04-24 19:31:38	0	3	40	-10	0	12	60
2026-04-24 19:31:38	1	4	150	-40	0	255	60
2026-04-24 19:31:39	0	3	40	-30	0	12	60
2026-04-24 19:31:39	1	4	150	-40	0	255	60
2026-04-24 19:31:40	0	3	30	-30	100	12	60
2026-04-24 19:31:40	1	4	150	-40	0	255	60
2026-04-24 19:31:41	0	3	40	-10	0	12	60
2026-04-24 19:31:41	1	4	150	-40	0	255	60
2026-04-24 19:31:42	0	3	50	-10	0	12	60
2026-04-24 19:31:42	1	4	150	-40	0	255	60
2026-04-24 19:31:43	0	3	50	-10	0	12	60
2026-04-24 19:31:43	1	4	150	-40	0	255	60
2026-04-24 19:31:44	0	3	50	-10	0	12	60
2026-04-24 19:31:44	1	4	150	-40	0	255	60
2026-04-24 19:31:45	0	3	30	-20	0	12	60
2026-04-24 19:31:45	1	4	150	-40	0	255	60
2026-04-24 19:31:46	0	3	30	-20	0	12	60
2026-04-24 19:31:46	1	4	150	-40	0	255	60
2026-04-24 19:31:47	0	3	30	-20	0	12	60
2026-04-24 19:31:47	1	4	150	-40	0	255	60
2026-04-24 19:31:48	0	3	30	-20	0	12	60
2026-04-24 19:31:48	1	4	150	-40	0	255	60
2026-04-24 19:31:49	0	3	30	-20	93	12	60
2026-04-24 19:31:49	1	4	150	-40	0	255	60
2026-04-24 19:31:50	0	3	50	-10	0	12	60
2026-04-24 19:31:50	1	4	150	-40	0	255	60
2026-04-24 19:31:51	0	3	50	-10	0	12	60
2026-04-24 19:31:51	1	4	150	-40	0	255	60
2026-04-24 19:31:52	0	3	50	-10	0	12	60
2026-04-24 19:31:52	1	4	150	-40	0	255	60
2026-04-24 19:31:53	0	3	50	-10	0	12	60
2026-04-24 19:31:53	1	4	150	-40	0	255	60
2026-04-24 19:31:54	0	3	50	-10	0	12	60
2026-04-24 19:31:54	1	4	150	-40	0	255	60
2026-04-24 19:31:55	0	3	50	-10	0	12	60
2026-04-24 19:31:55	1	4	150	-40	0	255	60
2026-04-24 19:31:56	0	3	50	-10	0	12	60
2026-04-24 19:31:56	1	4	150	-40	0	255	60
2026-04-24 19:31:57	0	3	50	-10	0	12	60
2026-04-24 19:31:57	1	4	150	-40	0	255	60
2026-04-24 19:31:59	0	3	50	-10	0	12	60
2026-04-24 19:31:59	1	4	150	-40	0	255	60
2026-04-24 19:31:59	0	3	50	-10	0	12	60
2026-04-24 19:31:59	1	4	150	-40	0	255	60
2026-04-24 19:32:00	0	3	50	-10	0	12	60
2026-04-24 19:32:00	1	4	150	-40	0	255	60
2026-04-24 19:32:01	0	3	50	-10	0	12	60
2026-04-24 19:32:01	1	4	150	-40	0	255	60
2026-04-24 19:32:02	0	3	50	-10	0	12	60
2026-04-24 19:32:02	1	4	150	-40	0	255	60
2026-04-24 19:32:03	0	3	50	-10	0	12	60
2026-04-24 19:32:03	1	4	150	-40	0	255	60
2026-04-24 19:32:04	0	3	50	-20	112	12	60
2026-04-24 19:32:04	1	4	140	-30	0	255	60
2026-04-24 19:32:05	0	3	50	-10	0	12	60
2026-04-24 19:32:05	1	4	140	-20	0	255	60
2026-04-24 19:32:06	0	3	40	-10	85	12	60
2026-04-24 19:32:06	1	4	150	-20	0	255	60
2026-04-24 19:32:07	0	3	40	-20	0	12	60
2026-04-24 19:32:07	1	4	150	-20	0	255	60
2026-04-24 19:32:08	0	3	40	-20	0	12	60
2026-04-24 19:32:08	1	4	150	-20	0	255	60
2026-04-24 19:32:09	0	3	40	-20	0	12	60
2026-04-24 19:32:09	1	4	150	-20	0	255	60
2026-04-24 19:32:10	0	3	40	-20	0	12	60
2026-04-24 19:32:10	1	4	150	-20	0	255	60
2026-04-24 19:32:11	0	3	40	-20	0	12	60
2026-04-24 19:32:11	1	4	150	-20	0	255	60
2026-04-24 19:32:12	0	3	40	-20	0	12	60
2026-04-24 19:32:12	1	4	150	-20	0	255	60
2026-04-24 19:32:13	0	3	40	-20	0	12	60
2026-04-24 19:32:13	1	4	150	-20	0	255	60
2026-04-24 19:32:14	0	3	40	-20	0	12	60
2026-04-24 19:32:14	1	4	150	-20	0	255	60
2026-04-24 19:32:15	0	3	40	-20	0	12	60
2026-04-24 19:32:15	1	4	150	-20	0	255	60
2026-04-24 19:32:16	0	3	40	-20	0	12	60
2026-04-24 19:32:16	1	4	150	-20	0	255	60
2026-04-24 19:32:17	0	3	40	-20	0	12	60
2026-04-24 19:32:17	1	4	150	-20	0	255	60
2026-04-24 19:32:18	0	3	40	-20	0	12	60
2026-04-24 19:32:18	1	4	150	-20	0	255	60
2026-04-24 19:32:19	0	3	40	-20	0	12	60
2026-04-24 19:32:19	1	4	150	-20	0	255	60
2026-04-24 19:32:20	0	3	40	-20	0	12	60
2026-04-24 19:32:20	1	4	150	-20	0	255	60
2026-04-24 19:32:21	0	3	40	-20	0	12	60
2026-04-24 19:32:21	1	4	150	-20	0	255	60
2026-04-24 19:32:22	0	3	40	-20	0	12	60
2026-04-24 19:32:22	1	4	150	-20	0	255	60
2026-04-24 19:32:23	0	3	40	-20	0	12	60
2026-04-24 19:32:23	1	4	150	-20	0	255	60
2026-04-24 19:32:24	0	3	40	-20	0	12	60
2026-04-24 19:32:24	1	4	150	-20	0	255	60
2026-04-24 19:32:25	0	3	40	-20	0	12	60
2026-04-24 19:32:25	1	4	150	-20	0	255	60
2026-04-24 19:32:26	0	3	40	-20	0	12	60
2026-04-24 19:32:26	1	4	150	-20	0	255	60
2026-04-24 19:32:27	0	3	40	-20	0	12	60
2026-04-24 19:32:27	1	4	150	-20	0	255	60
2026-04-24 19:32:28	0	3	40	-20	0	12	60
2026-04-24 19:32:28	1	4	150	-20	0	255	60
2026-04-24 19:32:29	0	3	40	-20	0	12	60
2026-04-24 19:32:29	1	4	150	-20	0	255	60
2026-04-24 19:32:30	0	3	40	-20	0	12	60
2026-04-24 19:32:30	1	4	150	-20	0	255	60
2026-04-24 19:32:31	0	3	40	-20	0	12	60
2026-04-24 19:32:31	1	4	150	-20	0	255	60
2026-04-24 19:32:32	0	3	40	-20	0	12	60
2026-04-24 19:32:32	1	4	150	-20	0	255	60
2026-04-24 19:32:33	0	3	40	-20	91	12	60
2026-04-24 19:32:33	1	4	150	-20	0	255	60
2026-04-24 19:32:34	0	3	50	-10	0	12	60
2026-04-24 19:32:34	1	4	130	-40	0	255	60
2026-04-24 19:32:35	0	3	50	-10	0	12	60
2026-04-24 19:32:35	1	4	140	-30	0	255	60
2026-04-24 19:32:36	0	3	50	0	65	12	60
2026-04-24 19:32:36	1	4	160	-30	0	255	60
2026-04-24 19:32:37	0	3	50	0	59	12	60
2026-04-24 19:32:37	1	4	160	-30	0	255	60
2026-04-24 19:32:38	0	3	50	0	0	12	60
2026-04-24 19:32:38	1	4	160	-30	0	255	60
2026-04-24 19:32:39	0	3	50	0	0	12	60
2026-04-24 19:32:39	1	4	160	-30	0	255	60
2026-04-24 19:32:40	0	3	50	0	0	12	60
2026-04-24 19:32:40	1	4	160	-30	0	255	60
2026-04-24 19:32:41	0	3	50	0	0	12	60
2026-04-24 19:32:41	1	4	160	-30	0	255	60
2026-04-24 19:32:42	0	3	40	0	57	12	60
2026-04-24 19:32:42	1	4	160	-10	0	255	60
2026-04-24 19:32:43	0	3	30	0	61	12	60
2026-04-24 19:32:43	1	4	170	0	0	255	60
2026-04-24 19:32:44	0	3	10	20	54	12	60
2026-04-24 19:32:44	1	4	150	30	0	255	60
2026-04-24 19:32:45	0	3	0	30	48	12	60
2026-04-24 19:32:45	1	4	150	40	0	255	60
2026-04-24 19:32:46	0	3	0	40	0	12	60
2026-04-24 19:32:46	1	4	150	40	0	255	60
2026-04-24 19:32:47	0	3	-10	40	0	12	60
2026-04-24 19:32:47	1	4	150	40	0	255	60
2026-04-24 19:32:48	0	3	-10	40	0	12	60
2026-04-24 19:32:48	1	4	150	40	0	255	60
2026-04-24 19:32:49	0	3	0	40	0	12	60
2026-04-24 19:32:49	1	4	140	40	0	255	60
2026-04-24 19:32:50	0	3	0	40	0	12	60
2026-04-24 19:32:50	1	4	130	40	0	255	60
2026-04-24 19:32:51	0	3	-10	50	0	12	60
2026-04-24 19:32:51	1	4	130	40	0	255	60
2026-04-24 19:32:52	0	3	-10	50	0	12	60
2026-04-24 19:32:52	1	4	130	40	0	255	60
2026-04-24 19:32:53	0	3	-10	40	48	12	60
2026-04-24 19:32:53	1	4	160	30	0	255	60
2026-04-24 19:32:54	0	3	0	20	0	12	60
2026-04-24 19:32:54	1	4	160	10	60	255	60
2026-04-24 19:32:55	0	3	10	10	67	12	60
2026-04-24 19:32:55	1	4	170	-10	0	255	60
2026-04-24 19:32:56	0	3	0	10	102	12	60
2026-04-24 19:32:56	1	4	150	0	0	255	60
2026-04-24 19:32:57	0	4	0	20	100	12	60
2026-04-24 19:32:57	1	4	160	40	0	255	60
2026-04-24 19:32:58	0	4	10	20	109	12	60
2026-04-24 19:32:58	1	4	140	30	0	255	60
2026-04-24 19:32:59	0	4	0	20	106	12	60
2026-04-24 19:32:59	1	4	140	20	0	255	60
2026-04-24 19:33:00	0	4	0	20	90	12	60
2026-04-24 19:33:00	1	4	180	20	0	255	60
2026-04-24 19:33:01	0	4	10	0	75	12	60
2026-04-24 19:33:01	1	4	170	0	0	255	60
2026-04-24 19:33:02	0	4	10	-10	0	12	60
2026-04-24 19:33:02	1	1	160	-30	101	255	60
2026-04-24 19:33:03	0	4	20	-10	123	12	60
2026-04-24 19:33:03	1	1	150	-30	0	255	60
2026-04-24 19:33:04	0	4	20	-30	0	12	60
2026-04-24 19:33:04	1	1	160	-30	0	255	60
2026-04-24 19:33:05	0	4	10	-10	88	12	60
2026-04-24 19:33:05	1	1	160	-10	0	255	60
2026-04-24 19:33:06	0	4	0	0	67	12	60
2026-04-24 19:33:06	1	1	160	10	0	255	60
2026-04-24 19:33:07	0	1	-20	10	71	12	60
2026-04-24 19:33:07	1	1	190	0	0	255	60
2026-04-24 19:33:08	0	1	-50	40	0	12	60
2026-04-24 19:33:08	1	4	190	0	0	255	60
2026-04-24 19:33:09	0	1	-60	60	0	12	60
2026-04-24 19:33:09	1	4	190	0	0	255	60
2026-04-24 19:33:10	0	4	-70	70	0	12	60
2026-04-24 19:33:10	1	4	180	0	0	255	60
2026-04-24 19:33:11	0	4	-70	70	0	12	60
2026-04-24 19:33:11	1	4	180	0	0	255	60
2026-04-24 19:33:12	0	4	-70	70	0	12	60
2026-04-24 19:33:12	1	4	180	0	0	255	60
2026-04-24 19:33:13	0	4	-70	70	0	12	60
2026-04-24 19:33:13	1	4	180	0	0	255	60
2026-04-24 19:33:14	0	4	-70	70	0	12	60
2026-04-24 19:33:14	1	4	180	0	0	255	60
2026-04-24 19:33:15	1	4	180	0	0	255	60
2026-04-24 19:33:16	1	4	180	0	0	255	60
2026-04-24 19:33:17	1	4	180	0	0	255	60
2026-04-24 19:33:18	1	4	180	0	0	255	60
2026-04-24 19:33:19	1	4	180	0	0	255	60
2026-04-24 19:33:20	1	4	180	0	0	255	60
2026-04-24 19:33:20	1	4	180	0	0	255	60
2026-04-24 19:33:21	1	4	180	0	0	255	60
2026-04-24 19:33:22	1	4	180	0	0	255	60
2026-04-24 19:33:23	1	4	180	0	0	255	60
2026-04-24 19:33:24	1	4	180	0	0	255	60
2026-04-24 19:33:25	1	4	180	0	0	255	60
2026-04-24 19:33:26	1	4	180	0	0	255	60
2026-04-24 19:33:27	1	4	180	0	0	255	60
2026-04-24 19:33:28	1	4	180	0	0	255	60
2026-04-24 19:33:29	1	4	180	0	0	255	60
2026-04-24 19:33:30	1	4	180	0	0	255	60
2026-04-24 19:33:31	1	4	180	0	0	255	60
2026-04-24 19:33:32	1	4	180	0	0	255	60
2026-04-24 19:33:33	1	4	180	0	0	255	60
2026-04-24 19:33:34	1	4	180	0	0	255	60
2026-04-24 19:33:35	1	4	180	0	0	255	60
2026-04-24 19:33:36	1	4	180	0	0	255	60
2026-04-24 19:33:37	1	4	180	0	0	255	60
2026-04-24 19:33:38	1	4	180	0	0	255	60
2026-04-24 19:33:39	1	4	180	0	0	255	60
2026-04-24 19:33:40	1	4	180	0	0	255	60
2026-04-24 19:33:41	1	4	180	0	0	255	60
2026-04-24 19:33:42	1	4	180	0	0	255	60
2026-04-24 19:33:43	1	4	180	0	0	255	60
2026-04-24 19:33:44	1	4	180	0	0	255	60
2026-04-24 19:33:45	1	4	180	0	0	255	60
2026-04-24 19:33:46	1	4	180	0	0	255	60
2026-04-24 19:33:47	1	4	180	0	0	255	60
2026-04-24 19:33:48	1	4	180	0	0	255	60
2026-04-24 19:33:49	1	4	180	0	0	255	60
2026-04-24 19:33:50	1	4	180	0	0	255	60
2026-04-24 19:33:51	1	4	180	0	0	255	60
2026-04-24 19:33:52	1	4	180	0	0	255	60
2026-04-24 19:33:53	1	4	180	0	0	255	60
2026-04-24 19:33:54	1	4	180	0	0	255	60
2026-04-24 19:33:55	1	4	180	0	0	255	60
2026-04-24 19:33:56	1	4	180	0	0	255	60
2026-04-24 19:33:58	1	4	180	0	0	255	60
2026-04-24 19:33:58	1	4	180	0	0	255	60
2026-04-24 19:33:59	1	4	180	0	0	255	60
(1370 rows)
