bj	topic_type	category	data_value
2026-05-05 06:45:09.000	monitor	heart	[{"track_id": 11, "track_confidence": 80}]
2026-05-05 06:45:09.000	event	activity	[{"track_id": 9, "event_since": 1777934709328, "track_count": 0, "event_status": "instant", "lie_duration": 0, "walk_distance": 0, "walk_duration": 0, "stand_duration": 0, "multi_person_duration": 0}]
2026-05-05 06:45:09.000	monitor	track	[{"area_id": 0, "track_id": 88, "bed_status": 0, "position_x": 0, "position_y": 0, "position_z": 0, "remaining_time": 0, "track_confidence": 80}]
2026-05-05 06:45:41.000	monitor	track	[{"area_id": 0, "track_id": 88, "bed_status": 0, "position_x": 0, "position_y": 0, "position_z": 0, "remaining_time": 0, "track_confidence": 80}]
2026-05-05 06:46:12.000	event	activity	[{"track_id": 9, "event_since": 1777934772875, "track_count": 0, "event_status": "instant", "lie_duration": 0, "walk_distance": 0, "walk_duration": 0, "stand_duration": 0, "multi_person_duration": 0}]
2026-05-05 06:46:12.000	monitor	heart	[{"track_id": 11, "track_confidence": 80}]
2026-05-05 06:46:13.000	monitor	track	[{"area_id": 0, "track_id": 88, "bed_status": 0, "position_x": 0, "position_y": 0, "position_z": 0, "remaining_time": 0, "track_confidence": 80}]
2026-05-05 06:46:17.000	event	number_people	[{"track_id": 10, "event_since": 1777934777480, "event_status": "start", "number_people": 1}]
2026-05-05 06:46:17.000	event	EnterRoom	[{"event_since": 1777934777752, "event_status": "start"}]
2026-05-05 06:46:17.000	monitor	track	[{"pose": 4, "event": 1, "area_id": 2, "track_id": 0, "bed_status": 0, "position_x": 80, "position_y": 20, "position_z": 116, "remaining_time": 0, "track_confidence": 80}]
2026-05-05 06:46:17.000	monitor	track	[{"pose": 4, "area_id": 2, "track_id": 0, "bed_status": 0, "position_x": 70, "position_y": 10, "position_z": 120, "remaining_time": 0, "track_confidence": 80}]
2026-05-05 06:46:18.000	monitor	track	[{"pose": 4, "area_id": 2, "track_id": 0, "bed_status": 0, "position_x": 60, "position_y": 0, "position_z": 110, "remaining_time": 0, "track_confidence": 80}]
2026-05-05 06:46:19.000	monitor	track	[{"pose": 4, "area_id": 2, "track_id": 0, "bed_status": 0, "position_x": 30, "position_y": 20, "position_z": 105, "remaining_time": 0, "track_confidence": 80}]
2026-05-05 06:46:20.000	monitor	track	[{"pose": 1, "area_id": 2, "track_id": 0, "bed_status": 0, "position_x": -20, "position_y": -20, "position_z": 116, "remaining_time": 0, "track_confidence": 80}]
2026-05-05 06:46:21.000	monitor	track	[{"pose": 1, "area_id": 2, "track_id": 0, "bed_status": 0, "position_x": -30, "position_y": -20, "position_z": 113, "remaining_time": 0, "track_confidence": 80}]
2026-05-05 06:46:22.000	monitor	track	[{"pose": 1, "area_id": 2, "track_id": 0, "bed_status": 0, "position_x": -20, "position_y": 0, "position_z": 105, "remaining_time": 0, "track_confidence": 80}]
2026-05-05 06:46:23.000	monitor	track	[{"pose": 1, "area_id": 2, "track_id": 0, "bed_status": 0, "position_x": 0, "position_y": 0, "position_z": 106, "remaining_time": 0, "track_confidence": 80}]
2026-05-05 06:46:24.000	monitor	track	[{"pose": 1, "area_id": 2, "track_id": 0, "bed_status": 0, "position_x": 0, "position_y": -10, "position_z": 87, "remaining_time": 0, "track_confidence": 80}]
2026-05-05 06:46:25.000	monitor	track	[{"pose": 1, "area_id": 2, "track_id": 0, "bed_status": 0, "position_x": 0, "position_y": -20, "position_z": 104, "remaining_time": 0, "track_confidence": 80}]
2026-05-05 06:46:26.000	monitor	track	[{"pose": 1, "area_id": 2, "track_id": 0, "bed_status": 0, "position_x": 0, "position_y": -30, "position_z": 92, "remaining_time": 0, "track_confidence": 80}]
2026-05-05 06:46:27.000	monitor	track	[{"pose": 1, "area_id": 2, "track_id": 0, "bed_status": 0, "position_x": 0, "position_y": -10, "position_z": 92, "remaining_time": 0, "track_confidence": 80}]
2026-05-05 06:46:28.000	monitor	track	[{"pose": 1, "area_id": 2, "track_id": 0, "bed_status": 0, "position_x": 0, "position_y": -20, "position_z": 0, "remaining_time": 0, "track_confidence": 80}]
2026-05-05 06:46:29.000	monitor	track	[{"pose": 1, "area_id": 2, "track_id": 0, "bed_status": 0, "position_x": -10, "position_y": -20, "position_z": 0, "remaining_time": 0, "track_confidence": 80}]
2026-05-05 06:46:30.000	monitor	track	[{"pose": 4, "area_id": 2, "track_id": 0, "bed_status": 0, "position_x": 10, "position_y": -20, "position_z": 0, "remaining_time": 0, "track_confidence": 80}]
2026-05-05 06:46:31.000	monitor	track	[{"pose": 4, "area_id": 2, "track_id": 0, "bed_status": 0, "position_x": 0, "position_y": -20, "position_z": 109, "remaining_time": 0, "track_confidence": 80}]
2026-05-05 06:46:32.000	monitor	track	[{"pose": 4, "area_id": 2, "track_id": 0, "bed_status": 0, "position_x": 0, "position_y": -10, "position_z": 107, "remaining_time": 0, "track_confidence": 80}]
2026-05-05 06:46:33.000	monitor	track	[{"pose": 4, "area_id": 2, "track_id": 0, "bed_status": 0, "position_x": 0, "position_y": 10, "position_z": 0, "remaining_time": 0, "track_confidence": 80}]
2026-05-05 06:46:34.000	monitor	track	[{"pose": 4, "area_id": 2, "track_id": 0, "bed_status": 0, "position_x": 0, "position_y": 10, "position_z": 0, "remaining_time": 0, "track_confidence": 80}]
2026-05-05 06:46:35.000	monitor	track	[{"pose": 3, "area_id": 2, "track_id": 0, "bed_status": 0, "position_x": 0, "position_y": 10, "position_z": 0, "remaining_time": 0, "track_confidence": 80}]
2026-05-05 06:46:36.000	monitor	track	[{"pose": 3, "area_id": 2, "track_id": 0, "bed_status": 0, "position_x": 0, "position_y": 10, "position_z": 0, "remaining_time": 0, "track_confidence": 80}]
2026-05-05 06:46:37.000	monitor	track	[{"pose": 3, "area_id": 2, "track_id": 0, "bed_status": 0, "position_x": 0, "position_y": 10, "position_z": 0, "remaining_time": 0, "track_confidence": 80}]
2026-05-05 06:46:38.000	monitor	track	[{"pose": 3, "area_id": 2, "track_id": 0, "bed_status": 0, "position_x": 0, "position_y": 10, "position_z": 0, "remaining_time": 0, "track_confidence": 80}]
2026-05-05 06:46:39.000	monitor	track	[{"pose": 3, "area_id": 2, "track_id": 0, "bed_status": 0, "position_x": 0, "position_y": 10, "position_z": 0, "remaining_time": 0, "track_confidence": 80}]
2026-05-05 06:46:40.000	monitor	track	[{"pose": 3, "area_id": 2, "track_id": 0, "bed_status": 0, "position_x": 0, "position_y": 10, "position_z": 0, "remaining_time": 0, "track_confidence": 80}]
2026-05-05 06:46:41.000	monitor	track	[{"pose": 3, "area_id": 2, "track_id": 0, "bed_status": 0, "position_x": 0, "position_y": 10, "position_z": 0, "remaining_time": 0, "track_confidence": 80}]
2026-05-05 06:46:42.000	monitor	track	[{"pose": 3, "area_id": 2, "track_id": 0, "bed_status": 0, "position_x": 0, "position_y": 10, "position_z": 0, "remaining_time": 0, "track_confidence": 80}]
2026-05-05 06:46:43.000	monitor	track	[{"pose": 3, "area_id": 2, "track_id": 0, "bed_status": 0, "position_x": 0, "position_y": 10, "position_z": 0, "remaining_time": 0, "track_confidence": 80}]
2026-05-05 06:46:44.000	monitor	track	[{"pose": 3, "area_id": 2, "track_id": 0, "bed_status": 0, "position_x": 0, "position_y": 10, "position_z": 0, "remaining_time": 0, "track_confidence": 80}]
2026-05-05 06:46:45.000	monitor	track	[{"pose": 3, "area_id": 2, "track_id": 0, "bed_status": 0, "position_x": 0, "position_y": 10, "position_z": 0, "remaining_time": 0, "track_confidence": 80}]
2026-05-05 06:46:46.000	monitor	track	[{"pose": 3, "area_id": 2, "track_id": 0, "bed_status": 0, "position_x": 0, "position_y": 10, "position_z": 0, "remaining_time": 0, "track_confidence": 80}]
2026-05-05 06:46:47.000	monitor	track	[{"pose": 3, "area_id": 2, "track_id": 0, "bed_status": 0, "position_x": 0, "position_y": 10, "position_z": 0, "remaining_time": 0, "track_confidence": 80}]
2026-05-05 06:46:48.000	monitor	track	[{"pose": 3, "area_id": 2, "track_id": 0, "bed_status": 0, "position_x": 0, "position_y": 10, "position_z": 0, "remaining_time": 0, "track_confidence": 80}]
2026-05-05 06:46:49.000	monitor	track	[{"pose": 3, "area_id": 2, "track_id": 0, "bed_status": 0, "position_x": 0, "position_y": 10, "position_z": 0, "remaining_time": 0, "track_confidence": 80}]
2026-05-05 06:46:50.000	monitor	track	[{"pose": 3, "area_id": 2, "track_id": 0, "bed_status": 0, "position_x": 0, "position_y": 10, "position_z": 0, "remaining_time": 0, "track_confidence": 80}]
2026-05-05 06:46:51.000	monitor	track	[{"pose": 3, "area_id": 2, "track_id": 0, "bed_status": 0, "position_x": 0, "position_y": 10, "position_z": 0, "remaining_time": 0, "track_confidence": 80}]
2026-05-05 06:46:52.000	monitor	track	[{"pose": 3, "area_id": 2, "track_id": 0, "bed_status": 0, "position_x": 0, "position_y": 10, "position_z": 0, "remaining_time": 0, "track_confidence": 80}]
2026-05-05 06:46:53.000	monitor	track	[{"pose": 3, "area_id": 2, "track_id": 0, "bed_status": 0, "position_x": 0, "position_y": 10, "position_z": 0, "remaining_time": 0, "track_confidence": 80}]
2026-05-05 06:46:54.000	monitor	heart	[{"track_id": 11, "track_confidence": 80}]
2026-05-05 06:46:54.000	event	activity	[{"track_id": 9, "event_since": 1777934814573, "track_count": 1, "event_status": "instant", "lie_duration": 0, "walk_distance": 1, "walk_duration": 10, "stand_duration": 8, "multi_person_duration": 0}]
2026-05-05 06:46:54.000	monitor	track	[{"pose": 3, "area_id": 2, "track_id": 0, "bed_status": 0, "position_x": 0, "position_y": 10, "position_z": 0, "remaining_time": 0, "track_confidence": 80}]
2026-05-05 06:46:55.000	monitor	track	[{"pose": 3, "area_id": 2, "track_id": 0, "bed_status": 0, "position_x": 0, "position_y": 10, "position_z": 0, "remaining_time": 0, "track_confidence": 80}]
2026-05-05 06:46:56.000	monitor	track	[{"pose": 3, "area_id": 2, "track_id": 0, "bed_status": 0, "position_x": 0, "position_y": 10, "position_z": 0, "remaining_time": 0, "track_confidence": 80}]
2026-05-05 06:46:57.000	monitor	track	[{"pose": 3, "area_id": 2, "track_id": 0, "bed_status": 0, "position_x": 0, "position_y": 10, "position_z": 0, "remaining_time": 0, "track_confidence": 80}]
2026-05-05 06:46:58.000	monitor	track	[{"pose": 3, "area_id": 2, "track_id": 0, "bed_status": 0, "position_x": 0, "position_y": 10, "position_z": 0, "remaining_time": 0, "track_confidence": 80}]
2026-05-05 06:46:59.000	monitor	track	[{"pose": 3, "area_id": 2, "track_id": 0, "bed_status": 0, "position_x": 0, "position_y": 10, "position_z": 0, "remaining_time": 0, "track_confidence": 80}]
2026-05-05 06:47:00.000	monitor	track	[{"pose": 3, "area_id": 2, "track_id": 0, "bed_status": 0, "position_x": 0, "position_y": 10, "position_z": 0, "remaining_time": 0, "track_confidence": 80}]
2026-05-05 06:47:01.000	monitor	track	[{"pose": 3, "area_id": 2, "track_id": 0, "bed_status": 0, "position_x": 0, "position_y": 10, "position_z": 0, "remaining_time": 0, "track_confidence": 80}]
2026-05-05 06:47:02.000	monitor	track	[{"pose": 3, "area_id": 2, "track_id": 0, "bed_status": 0, "position_x": 0, "position_y": 10, "position_z": 0, "remaining_time": 0, "track_confidence": 80}]
2026-05-05 06:47:03.000	monitor	track	[{"pose": 3, "area_id": 2, "track_id": 0, "bed_status": 0, "position_x": 0, "position_y": 10, "position_z": 0, "remaining_time": 0, "track_confidence": 80}]
2026-05-05 06:47:04.000	monitor	track	[{"pose": 3, "area_id": 2, "track_id": 0, "bed_status": 0, "position_x": 0, "position_y": 10, "position_z": 0, "remaining_time": 0, "track_confidence": 80}]
2026-05-05 06:47:05.000	monitor	track	[{"pose": 3, "area_id": 2, "track_id": 0, "bed_status": 0, "position_x": 0, "position_y": 10, "position_z": 0, "remaining_time": 0, "track_confidence": 80}]
2026-05-05 06:47:06.000	monitor	track	[{"pose": 3, "area_id": 2, "track_id": 0, "bed_status": 0, "position_x": 0, "position_y": 10, "position_z": 0, "remaining_time": 0, "track_confidence": 80}]
2026-05-05 06:47:07.000	monitor	track	[{"pose": 3, "area_id": 2, "track_id": 0, "bed_status": 0, "position_x": 0, "position_y": 10, "position_z": 0, "remaining_time": 0, "track_confidence": 80}]
2026-05-05 06:47:08.000	monitor	track	[{"pose": 3, "area_id": 2, "track_id": 0, "bed_status": 0, "position_x": 0, "position_y": 10, "position_z": 0, "remaining_time": 0, "track_confidence": 80}]
2026-05-05 06:47:09.000	monitor	track	[{"pose": 3, "area_id": 2, "track_id": 0, "bed_status": 0, "position_x": 0, "position_y": 10, "position_z": 0, "remaining_time": 0, "track_confidence": 80}]
2026-05-05 06:47:10.000	monitor	track	[{"pose": 3, "area_id": 2, "track_id": 0, "bed_status": 0, "position_x": 0, "position_y": 10, "position_z": 0, "remaining_time": 0, "track_confidence": 80}]
2026-05-05 06:47:11.000	monitor	track	[{"pose": 3, "area_id": 2, "track_id": 0, "bed_status": 0, "position_x": 0, "position_y": 10, "position_z": 0, "remaining_time": 0, "track_confidence": 80}]
2026-05-05 06:47:12.000	monitor	track	[{"pose": 3, "area_id": 2, "track_id": 0, "bed_status": 0, "position_x": 0, "position_y": 10, "position_z": 0, "remaining_time": 0, "track_confidence": 80}]
2026-05-05 06:47:13.000	monitor	track	[{"pose": 3, "area_id": 2, "track_id": 0, "bed_status": 0, "position_x": 0, "position_y": 10, "position_z": 0, "remaining_time": 0, "track_confidence": 80}]
2026-05-05 06:47:14.000	monitor	track	[{"pose": 3, "area_id": 2, "track_id": 0, "bed_status": 0, "position_x": 0, "position_y": 10, "position_z": 0, "remaining_time": 0, "track_confidence": 80}]
2026-05-05 06:47:15.000	monitor	track	[{"pose": 3, "area_id": 2, "track_id": 0, "bed_status": 0, "position_x": 0, "position_y": 10, "position_z": 0, "remaining_time": 0, "track_confidence": 80}]
2026-05-05 06:47:16.000	monitor	track	[{"pose": 3, "area_id": 2, "track_id": 0, "bed_status": 0, "position_x": 0, "position_y": 10, "position_z": 0, "remaining_time": 0, "track_confidence": 80}]
2026-05-05 06:47:17.000	monitor	track	[{"pose": 3, "area_id": 2, "track_id": 0, "bed_status": 0, "position_x": 0, "position_y": 10, "position_z": 0, "remaining_time": 0, "track_confidence": 80}]
2026-05-05 06:47:18.000	monitor	track	[{"pose": 3, "area_id": 2, "track_id": 0, "bed_status": 0, "position_x": 0, "position_y": 0, "position_z": 134, "remaining_time": 0, "track_confidence": 80}]
2026-05-05 06:47:19.000	monitor	track	[{"pose": 4, "area_id": 2, "track_id": 0, "bed_status": 0, "position_x": 0, "position_y": -30, "position_z": 113, "remaining_time": 0, "track_confidence": 80}]
2026-05-05 06:47:20.000	monitor	track	[{"pose": 4, "area_id": 2, "track_id": 0, "bed_status": 0, "position_x": -10, "position_y": -60, "position_z": 134, "remaining_time": 0, "track_confidence": 80}]
2026-05-05 06:47:21.000	monitor	track	[{"pose": 4, "area_id": 2, "track_id": 0, "bed_status": 0, "position_x": 0, "position_y": -50, "position_z": 120, "remaining_time": 0, "track_confidence": 80}]
2026-05-05 06:47:22.000	monitor	track	[{"pose": 4, "area_id": 2, "track_id": 0, "bed_status": 0, "position_x": -10, "position_y": -30, "position_z": 102, "remaining_time": 0, "track_confidence": 80}]
2026-05-05 06:47:23.000	monitor	track	[{"pose": 4, "area_id": 2, "track_id": 0, "bed_status": 0, "position_x": 10, "position_y": -30, "position_z": 98, "remaining_time": 0, "track_confidence": 80}]
2026-05-05 06:47:24.000	monitor	track	[{"pose": 4, "area_id": 2, "track_id": 0, "bed_status": 0, "position_x": 20, "position_y": -30, "position_z": 96, "remaining_time": 0, "track_confidence": 80}]
2026-05-05 06:47:25.000	monitor	track	[{"pose": 3, "area_id": 2, "track_id": 0, "bed_status": 0, "position_x": 0, "position_y": -10, "position_z": 100, "remaining_time": 0, "track_confidence": 80}]
2026-05-05 06:47:26.000	monitor	track	[{"pose": 3, "area_id": 2, "track_id": 0, "bed_status": 0, "position_x": 0, "position_y": -30, "position_z": 98, "remaining_time": 0, "track_confidence": 80}]
2026-05-05 06:47:27.000	monitor	track	[{"pose": 4, "area_id": 2, "track_id": 0, "bed_status": 0, "position_x": -10, "position_y": -40, "position_z": 112, "remaining_time": 0, "track_confidence": 80}]
2026-05-05 06:47:28.000	monitor	track	[{"pose": 4, "area_id": 2, "track_id": 0, "bed_status": 0, "position_x": 0, "position_y": -60, "position_z": 120, "remaining_time": 0, "track_confidence": 80}]
2026-05-05 06:47:29.000	monitor	track	[{"pose": 4, "area_id": 2, "track_id": 0, "bed_status": 0, "position_x": -10, "position_y": -40, "position_z": 116, "remaining_time": 0, "track_confidence": 80}]
2026-05-05 06:47:30.000	monitor	track	[{"pose": 4, "area_id": 2, "track_id": 0, "bed_status": 0, "position_x": 0, "position_y": -20, "position_z": 101, "remaining_time": 0, "track_confidence": 80}]
2026-05-05 06:47:31.000	monitor	track	[{"pose": 4, "area_id": 2, "track_id": 0, "bed_status": 0, "position_x": -10, "position_y": -30, "position_z": 0, "remaining_time": 0, "track_confidence": 80}]
2026-05-05 06:47:32.000	monitor	track	[{"pose": 4, "area_id": 2, "track_id": 0, "bed_status": 0, "position_x": 0, "position_y": -40, "position_z": 122, "remaining_time": 0, "track_confidence": 80}]
2026-05-05 06:47:33.000	monitor	track	[{"pose": 4, "area_id": 2, "track_id": 0, "bed_status": 0, "position_x": 0, "position_y": -20, "position_z": 99, "remaining_time": 0, "track_confidence": 80}]
2026-05-05 06:47:34.000	monitor	track	[{"pose": 4, "area_id": 2, "track_id": 0, "bed_status": 0, "position_x": 0, "position_y": -30, "position_z": 109, "remaining_time": 0, "track_confidence": 80}]
2026-05-05 06:47:35.000	monitor	track	[{"pose": 4, "area_id": 2, "track_id": 0, "bed_status": 0, "position_x": 0, "position_y": -20, "position_z": 109, "remaining_time": 0, "track_confidence": 80}]
2026-05-05 06:47:36.000	monitor	track	[{"pose": 4, "area_id": 2, "track_id": 0, "bed_status": 0, "position_x": -10, "position_y": -20, "position_z": 95, "remaining_time": 0, "track_confidence": 80}]
2026-05-05 06:47:37.000	monitor	track	[{"pose": 4, "area_id": 2, "track_id": 0, "bed_status": 0, "position_x": -10, "position_y": -20, "position_z": 87, "remaining_time": 0, "track_confidence": 80}]
2026-05-05 06:47:38.000	monitor	track	[{"pose": 4, "area_id": 2, "track_id": 0, "bed_status": 0, "position_x": -10, "position_y": -20, "position_z": 103, "remaining_time": 0, "track_confidence": 80}]
2026-05-05 06:47:39.000	monitor	track	[{"pose": 4, "area_id": 2, "track_id": 0, "bed_status": 0, "position_x": 0, "position_y": -10, "position_z": 99, "remaining_time": 0, "track_confidence": 80}]
2026-05-05 06:47:40.000	monitor	track	[{"pose": 4, "area_id": 2, "track_id": 0, "bed_status": 0, "position_x": -20, "position_y": 20, "position_z": 116, "remaining_time": 0, "track_confidence": 80}]
2026-05-05 06:47:41.000	monitor	track	[{"pose": 4, "area_id": 2, "track_id": 0, "bed_status": 0, "position_x": -20, "position_y": 0, "position_z": 126, "remaining_time": 0, "track_confidence": 80}]
2026-05-05 06:47:42.000	monitor	track	[{"pose": 4, "area_id": 2, "track_id": 0, "bed_status": 0, "position_x": -10, "position_y": -30, "position_z": 129, "remaining_time": 0, "track_confidence": 80}]
2026-05-05 06:47:43.000	monitor	track	[{"pose": 1, "area_id": 2, "track_id": 0, "bed_status": 0, "position_x": -10, "position_y": -50, "position_z": 126, "remaining_time": 0, "track_confidence": 80}]
2026-05-05 06:47:44.000	monitor	track	[{"pose": 1, "area_id": 2, "track_id": 0, "bed_status": 0, "position_x": -10, "position_y": -20, "position_z": 117, "remaining_time": 0, "track_confidence": 80}]
2026-05-05 06:47:45.000	monitor	track	[{"pose": 1, "area_id": 2, "track_id": 0, "bed_status": 0, "position_x": 0, "position_y": 0, "position_z": 91, "remaining_time": 0, "track_confidence": 80}]
2026-05-05 06:47:46.000	monitor	track	[{"pose": 1, "area_id": 2, "track_id": 0, "bed_status": 0, "position_x": 30, "position_y": -10, "position_z": 91, "remaining_time": 0, "track_confidence": 80}]
2026-05-05 06:47:47.000	monitor	track	[{"pose": 1, "area_id": 2, "track_id": 0, "bed_status": 0, "position_x": 70, "position_y": -10, "position_z": 91, "remaining_time": 0, "track_confidence": 80}]
2026-05-05 06:47:48.000	monitor	track	[{"pose": 1, "area_id": 2, "track_id": 0, "bed_status": 0, "position_x": 90, "position_y": 0, "position_z": 0, "remaining_time": 0, "track_confidence": 80}]
2026-05-05 06:47:49.000	event	number_people	[{"track_id": 10, "event_since": 1777934869109, "event_status": "start", "number_people": 2}]
2026-05-05 06:47:49.000	monitor	track	[{"pose": 4, "area_id": 2, "track_id": 0, "bed_status": 0, "position_x": 90, "position_y": 0, "position_z": 0, "track_count": 2, "remaining_time": 0, "track_confidence": 80}]
2026-05-05 06:47:49.000	monitor	track	[{"pose": 4, "area_id": 255, "track_id": 1, "bed_status": 0, "position_x": 0, "position_y": -60, "position_z": 51, "track_count": 2, "remaining_time": 0, "track_confidence": 80}]
2026-05-05 06:47:50.000	monitor	track	[{"pose": 4, "area_id": 2, "track_id": 0, "bed_status": 0, "position_x": 90, "position_y": 0, "position_z": 0, "track_count": 2, "remaining_time": 0, "track_confidence": 80}]
2026-05-05 06:47:50.000	monitor	track	[{"pose": 4, "area_id": 255, "track_id": 1, "bed_status": 0, "position_x": -10, "position_y": -60, "position_z": 53, "track_count": 2, "remaining_time": 0, "track_confidence": 80}]
2026-05-05 06:47:51.000	monitor	track	[{"pose": 4, "area_id": 2, "track_id": 0, "bed_status": 0, "position_x": 80, "position_y": 0, "position_z": 0, "track_count": 2, "remaining_time": 0, "track_confidence": 80}]
2026-05-05 06:47:51.000	monitor	track	[{"pose": 4, "area_id": 255, "track_id": 1, "bed_status": 0, "position_x": 0, "position_y": -50, "position_z": 60, "track_count": 2, "remaining_time": 0, "track_confidence": 80}]
2026-05-05 06:47:52.000	monitor	track	[{"pose": 4, "area_id": 2, "track_id": 0, "bed_status": 0, "position_x": 80, "position_y": 0, "position_z": 0, "track_count": 2, "remaining_time": 0, "track_confidence": 80}]
2026-05-05 06:47:52.000	monitor	track	[{"pose": 4, "area_id": 255, "track_id": 1, "bed_status": 0, "position_x": 0, "position_y": -60, "position_z": 0, "track_count": 2, "remaining_time": 0, "track_confidence": 80}]
2026-05-05 06:47:52.000	monitor	track	[{"pose": 4, "area_id": 2, "track_id": 0, "bed_status": 0, "position_x": 80, "position_y": 0, "position_z": 0, "track_count": 2, "remaining_time": 0, "track_confidence": 80}]
2026-05-05 06:47:52.000	monitor	track	[{"pose": 4, "area_id": 255, "track_id": 1, "bed_status": 0, "position_x": 0, "position_y": -50, "position_z": 60, "track_count": 2, "remaining_time": 0, "track_confidence": 80}]
2026-05-05 06:47:53.000	monitor	track	[{"pose": 4, "area_id": 2, "track_id": 0, "bed_status": 0, "position_x": 80, "position_y": 0, "position_z": 0, "track_count": 2, "remaining_time": 0, "track_confidence": 80}]
2026-05-05 06:47:53.000	monitor	track	[{"pose": 4, "area_id": 255, "track_id": 1, "bed_status": 0, "position_x": 0, "position_y": -60, "position_z": 0, "track_count": 2, "remaining_time": 0, "track_confidence": 80}]
2026-05-05 06:47:55.000	monitor	heart	[{"track_id": 11, "track_confidence": 80}]
2026-05-05 06:47:55.000	event	activity	[{"track_id": 9, "event_since": 1777934875013, "track_count": 2, "event_status": "instant", "lie_duration": 0, "walk_distance": 1, "walk_duration": 6, "stand_duration": 22, "multi_person_duration": 4}]
2026-05-05 06:47:55.000	event	ExitRoom	[{"event_since": 1777934875240, "event_status": "start"}]
2026-05-05 06:47:55.000	monitor	track	[{"pose": 4, "event": 2, "area_id": 2, "track_id": 0, "bed_status": 0, "position_x": 80, "position_y": 0, "position_z": 0, "track_count": 2, "remaining_time": 0, "track_confidence": 80}]
2026-05-05 06:47:55.000	monitor	track	[{"pose": 4, "area_id": 255, "track_id": 1, "bed_status": 0, "position_x": -10, "position_y": -50, "position_z": 0, "track_count": 2, "remaining_time": 0, "track_confidence": 80}]
2026-05-05 06:47:56.000	event	number_people	[{"track_id": 10, "event_since": 1777934876018, "event_status": "start", "number_people": 1}]
2026-05-05 06:47:56.000	monitor	track	[{"pose": 4, "area_id": 255, "track_id": 1, "bed_status": 0, "position_x": 0, "position_y": -60, "position_z": 0, "remaining_time": 0, "track_confidence": 80}]
2026-05-05 06:47:57.000	monitor	track	[{"pose": 4, "area_id": 255, "track_id": 1, "bed_status": 0, "position_x": 0, "position_y": -50, "position_z": 0, "remaining_time": 0, "track_confidence": 80}]
2026-05-05 06:47:58.000	monitor	track	[{"pose": 4, "area_id": 255, "track_id": 1, "bed_status": 0, "position_x": 0, "position_y": -50, "position_z": 0, "remaining_time": 0, "track_confidence": 80}]
2026-05-05 06:47:59.000	monitor	track	[{"pose": 4, "area_id": 255, "track_id": 1, "bed_status": 0, "position_x": -10, "position_y": -60, "position_z": 0, "remaining_time": 0, "track_confidence": 80}]
2026-05-05 06:47:59.000	event	number_people	[{"track_id": 10, "event_since": 1777934879715, "event_status": "start", "number_people": 2}]
2026-05-05 06:47:59.000	event	EnterRoom	[{"event_since": 1777934879949, "event_status": "start"}]
2026-05-05 06:47:59.000	monitor	track	[{"pose": 4, "event": 1, "area_id": 2, "track_id": 0, "bed_status": 0, "position_x": 90, "position_y": 0, "position_z": 116, "track_count": 2, "remaining_time": 0, "track_confidence": 80}]
2026-05-05 06:47:59.000	monitor	track	[{"pose": 4, "area_id": 255, "track_id": 1, "bed_status": 0, "position_x": -10, "position_y": -60, "position_z": 0, "track_count": 2, "remaining_time": 0, "track_confidence": 80}]
2026-05-05 06:47:59.000	monitor	track	[{"pose": 4, "area_id": 2, "track_id": 0, "bed_status": 0, "position_x": 80, "position_y": 0, "position_z": 97, "track_count": 2, "remaining_time": 0, "track_confidence": 80}]
2026-05-05 06:47:59.000	monitor	track	[{"pose": 4, "area_id": 255, "track_id": 1, "bed_status": 0, "position_x": -10, "position_y": -60, "position_z": 0, "track_count": 2, "remaining_time": 0, "track_confidence": 80}]
2026-05-05 06:48:00.000	monitor	track	[{"pose": 4, "area_id": 2, "track_id": 0, "bed_status": 0, "position_x": 80, "position_y": 0, "position_z": 96, "track_count": 2, "remaining_time": 0, "track_confidence": 80}]
2026-05-05 06:48:00.000	monitor	track	[{"pose": 4, "area_id": 255, "track_id": 1, "bed_status": 0, "position_x": -10, "position_y": -60, "position_z": 0, "track_count": 2, "remaining_time": 0, "track_confidence": 80}]
2026-05-05 06:48:01.000	monitor	track	[{"pose": 4, "area_id": 2, "track_id": 0, "bed_status": 0, "position_x": 90, "position_y": 20, "position_z": 132, "track_count": 2, "remaining_time": 0, "track_confidence": 80}]
2026-05-05 06:48:01.000	monitor	track	[{"pose": 4, "area_id": 255, "track_id": 1, "bed_status": 0, "position_x": -10, "position_y": -60, "position_z": 0, "track_count": 2, "remaining_time": 0, "track_confidence": 80}]
2026-05-05 06:48:02.000	monitor	track	[{"pose": 4, "area_id": 2, "track_id": 0, "bed_status": 0, "position_x": 90, "position_y": 40, "position_z": 38, "track_count": 2, "remaining_time": 0, "track_confidence": 80}]
2026-05-05 06:48:02.000	monitor	track	[{"pose": 4, "area_id": 255, "track_id": 1, "bed_status": 0, "position_x": -10, "position_y": -60, "position_z": 0, "track_count": 2, "remaining_time": 0, "track_confidence": 80}]
2026-05-05 06:48:03.000	monitor	track	[{"pose": 4, "area_id": 2, "track_id": 0, "bed_status": 0, "position_x": 90, "position_y": 40, "position_z": 0, "track_count": 2, "remaining_time": 0, "track_confidence": 80}]
2026-05-05 06:48:03.000	monitor	track	[{"pose": 4, "area_id": 255, "track_id": 1, "bed_status": 0, "position_x": -10, "position_y": -60, "position_z": 0, "track_count": 2, "remaining_time": 0, "track_confidence": 80}]
2026-05-05 06:48:04.000	monitor	track	[{"pose": 4, "area_id": 2, "track_id": 0, "bed_status": 0, "position_x": 90, "position_y": 40, "position_z": 0, "track_count": 2, "remaining_time": 0, "track_confidence": 80}]
2026-05-05 06:48:04.000	monitor	track	[{"pose": 4, "area_id": 255, "track_id": 1, "bed_status": 0, "position_x": -10, "position_y": -50, "position_z": 0, "track_count": 2, "remaining_time": 0, "track_confidence": 80}]
2026-05-05 06:48:05.000	monitor	track	[{"pose": 4, "area_id": 2, "track_id": 0, "bed_status": 0, "position_x": 90, "position_y": 40, "position_z": 0, "track_count": 2, "remaining_time": 0, "track_confidence": 80}]
2026-05-05 06:48:05.000	monitor	track	[{"pose": 4, "area_id": 255, "track_id": 1, "bed_status": 0, "position_x": 0, "position_y": -50, "position_z": 0, "track_count": 2, "remaining_time": 0, "track_confidence": 80}]
2026-05-05 06:48:06.000	monitor	track	[{"pose": 4, "area_id": 2, "track_id": 0, "bed_status": 0, "position_x": 90, "position_y": 40, "position_z": 0, "track_count": 2, "remaining_time": 0, "track_confidence": 80}]
2026-05-05 06:48:06.000	monitor	track	[{"pose": 4, "area_id": 255, "track_id": 1, "bed_status": 0, "position_x": 0, "position_y": -50, "position_z": 0, "track_count": 2, "remaining_time": 0, "track_confidence": 80}]
2026-05-05 06:48:07.000	monitor	track	[{"pose": 4, "area_id": 2, "track_id": 0, "bed_status": 0, "position_x": 90, "position_y": 40, "position_z": 0, "track_count": 2, "remaining_time": 0, "track_confidence": 80}]
2026-05-05 06:48:07.000	monitor	track	[{"pose": 4, "area_id": 255, "track_id": 1, "bed_status": 0, "position_x": 0, "position_y": -50, "position_z": 0, "track_count": 2, "remaining_time": 0, "track_confidence": 80}]
2026-05-05 06:48:08.000	monitor	track	[{"pose": 4, "event": 2, "area_id": 2, "track_id": 0, "bed_status": 0, "position_x": 80, "position_y": 40, "position_z": 0, "track_count": 2, "remaining_time": 0, "track_confidence": 80}]
2026-05-05 06:48:08.000	monitor	track	[{"pose": 4, "area_id": 255, "track_id": 1, "bed_status": 0, "position_x": -10, "position_y": -40, "position_z": 0, "track_count": 2, "remaining_time": 0, "track_confidence": 80}]
2026-05-05 06:48:09.000	event	ExitRoom	[{"event_since": 1777934889165, "event_status": "start"}]
2026-05-05 06:48:09.000	event	number_people	[{"track_id": 10, "event_since": 1777934889980, "event_status": "start", "number_people": 1}]
2026-05-05 06:48:10.000	monitor	track	[{"pose": 4, "area_id": 255, "track_id": 1, "bed_status": 0, "position_x": -10, "position_y": -40, "position_z": 0, "remaining_time": 0, "track_confidence": 80}]
2026-05-05 06:48:10.000	monitor	track	[{"pose": 4, "area_id": 255, "track_id": 1, "bed_status": 0, "position_x": -10, "position_y": -40, "position_z": 0, "remaining_time": 0, "track_confidence": 80}]
2026-05-05 06:48:11.000	monitor	track	[{"pose": 4, "area_id": 255, "track_id": 1, "bed_status": 0, "position_x": -10, "position_y": -40, "position_z": 0, "remaining_time": 0, "track_confidence": 80}]
2026-05-05 06:48:12.000	monitor	track	[{"pose": 4, "area_id": 255, "track_id": 1, "bed_status": 0, "position_x": -10, "position_y": -40, "position_z": 0, "remaining_time": 0, "track_confidence": 80}]
2026-05-05 06:48:13.000	monitor	track	[{"pose": 4, "area_id": 255, "track_id": 1, "bed_status": 0, "position_x": -10, "position_y": -40, "position_z": 0, "remaining_time": 0, "track_confidence": 80}]
2026-05-05 06:48:14.000	monitor	track	[{"pose": 4, "area_id": 255, "track_id": 1, "bed_status": 0, "position_x": -10, "position_y": -40, "position_z": 0, "remaining_time": 0, "track_confidence": 80}]
2026-05-05 06:48:15.000	monitor	track	[{"pose": 4, "area_id": 255, "track_id": 1, "bed_status": 0, "position_x": -10, "position_y": -40, "position_z": 0, "remaining_time": 0, "track_confidence": 80}]
2026-05-05 06:48:16.000	monitor	track	[{"pose": 4, "area_id": 255, "track_id": 1, "bed_status": 0, "position_x": -10, "position_y": -40, "position_z": 0, "remaining_time": 0, "track_confidence": 80}]
2026-05-05 06:48:17.000	monitor	track	[{"pose": 4, "area_id": 255, "track_id": 1, "bed_status": 0, "position_x": -10, "position_y": -40, "position_z": 0, "remaining_time": 0, "track_confidence": 80}]
2026-05-05 06:48:18.000	event	track_verdict	[{"ts": 1777934898800, "pose": 4, "reason": "ghost_low_score", "source": "sensor.caregiver01", "evidence": {"score": 19, "context": "no_enter_pair", "birth_score": 50, "frame_count": 32, "ghost_penalty": 70}, "track_id": 1, "area_type": "sensing", "position_x": -39, "position_y": 140, "position_z": 0, "track_confidence": 30}]
2026-05-05 06:48:18.000	monitor	track	[{"pose": 4, "area_id": 255, "track_id": 1, "bed_status": 0, "position_x": -10, "position_y": -40, "position_z": 0, "remaining_time": 0, "track_confidence": 80}]
2026-05-05 06:48:19.000	monitor	track	[{"pose": 4, "area_id": 255, "track_id": 1, "bed_status": 0, "position_x": -10, "position_y": -40, "position_z": 0, "remaining_time": 0, "track_confidence": 80}]
2026-05-05 06:48:20.000	monitor	track	[{"pose": 4, "area_id": 255, "track_id": 1, "bed_status": 0, "position_x": -10, "position_y": -40, "position_z": 0, "remaining_time": 0, "track_confidence": 80}]
2026-05-05 06:48:21.000	monitor	track	[{"pose": 4, "area_id": 255, "track_id": 1, "bed_status": 0, "position_x": -10, "position_y": -40, "position_z": 0, "remaining_time": 0, "track_confidence": 80}]
2026-05-05 06:48:22.000	monitor	track	[{"pose": 4, "area_id": 255, "track_id": 1, "bed_status": 0, "position_x": -10, "position_y": -40, "position_z": 0, "remaining_time": 0, "track_confidence": 80}]
2026-05-05 06:48:23.000	monitor	track	[{"pose": 4, "area_id": 255, "track_id": 1, "bed_status": 0, "position_x": -10, "position_y": -40, "position_z": 0, "remaining_time": 0, "track_confidence": 80}]
2026-05-05 06:48:24.000	monitor	track	[{"pose": 4, "area_id": 255, "track_id": 1, "bed_status": 0, "position_x": -10, "position_y": -40, "position_z": 0, "remaining_time": 0, "track_confidence": 80}]
2026-05-05 06:48:25.000	monitor	track	[{"pose": 4, "area_id": 255, "track_id": 1, "bed_status": 0, "position_x": -10, "position_y": -40, "position_z": 0, "remaining_time": 0, "track_confidence": 80}]
2026-05-05 06:48:26.000	monitor	track	[{"pose": 4, "area_id": 255, "track_id": 1, "bed_status": 0, "position_x": -10, "position_y": -40, "position_z": 0, "remaining_time": 0, "track_confidence": 80}]
2026-05-05 06:48:27.000	monitor	track	[{"pose": 4, "area_id": 255, "track_id": 1, "bed_status": 0, "position_x": -10, "position_y": -40, "position_z": 0, "remaining_time": 0, "track_confidence": 80}]
2026-05-05 06:48:28.000	monitor	track	[{"pose": 4, "area_id": 255, "track_id": 1, "bed_status": 0, "position_x": -10, "position_y": -40, "position_z": 0, "remaining_time": 0, "track_confidence": 80}]
2026-05-05 06:48:29.000	monitor	track	[{"pose": 4, "area_id": 255, "track_id": 1, "bed_status": 0, "position_x": -10, "position_y": -40, "position_z": 0, "remaining_time": 0, "track_confidence": 80}]
2026-05-05 06:48:30.000	monitor	track	[{"pose": 4, "area_id": 255, "track_id": 1, "bed_status": 0, "position_x": -10, "position_y": -40, "position_z": 0, "remaining_time": 0, "track_confidence": 80}]
2026-05-05 06:48:31.000	monitor	track	[{"pose": 4, "area_id": 255, "track_id": 1, "bed_status": 0, "position_x": -10, "position_y": -40, "position_z": 0, "remaining_time": 0, "track_confidence": 80}]
2026-05-05 06:48:32.000	monitor	track	[{"pose": 4, "area_id": 255, "track_id": 1, "bed_status": 0, "position_x": -10, "position_y": -40, "position_z": 0, "remaining_time": 0, "track_confidence": 80}]
2026-05-05 06:48:33.000	monitor	track	[{"pose": 4, "area_id": 255, "track_id": 1, "bed_status": 0, "position_x": -10, "position_y": -40, "position_z": 0, "remaining_time": 0, "track_confidence": 80}]
2026-05-05 06:48:34.000	monitor	track	[{"pose": 4, "area_id": 255, "track_id": 1, "bed_status": 0, "position_x": -10, "position_y": -40, "position_z": 0, "remaining_time": 0, "track_confidence": 80}]
2026-05-05 06:48:35.000	event	number_people	[{"track_id": 10, "event_since": 1777934915740, "event_status": "start", "number_people": 0}]
2026-05-05 06:48:35.000	monitor	track	[{"area_id": 0, "track_id": 88, "bed_status": 0, "position_x": 0, "position_y": 0, "position_z": 0, "remaining_time": 0, "track_confidence": 80}]
2026-05-05 06:48:36.000	monitor	track	[{"area_id": 0, "track_id": 88, "bed_status": 0, "position_x": 0, "position_y": 0, "position_z": 0, "remaining_time": 0, "track_confidence": 80}]
2026-05-05 06:48:37.000	monitor	track	[{"area_id": 0, "track_id": 88, "bed_status": 0, "position_x": 0, "position_y": 0, "position_z": 0, "remaining_time": 0, "track_confidence": 80}]
2026-05-05 06:48:51.000	monitor	track	[{"area_id": 0, "track_id": 88, "bed_status": 0, "position_x": 0, "position_y": 0, "position_z": 0, "remaining_time": 0, "track_confidence": 80}]
2026-05-05 06:49:23.000	event	activity	[{"track_id": 9, "event_since": 1777934963364, "track_count": 0, "event_status": "instant", "lie_duration": 0, "walk_distance": 0, "walk_duration": 0, "stand_duration": 32, "multi_person_duration": 11}]
2026-05-05 06:49:23.000	monitor	heart	[{"track_id": 11, "track_confidence": 80}]
2026-05-05 06:49:23.000	monitor	track	[{"area_id": 0, "track_id": 88, "bed_status": 0, "position_x": 0, "position_y": 0, "position_z": 0, "remaining_time": 0, "track_confidence": 80}]
2026-05-05 06:49:55.000	monitor	heart	[{"track_id": 11, "track_confidence": 80}]
2026-05-05 06:49:55.000	event	activity	[{"track_id": 9, "event_since": 1777934995058, "track_count": 0, "event_status": "instant", "lie_duration": 0, "walk_distance": 0, "walk_duration": 0, "stand_duration": 0, "multi_person_duration": 0}]
2026-05-05 06:49:55.000	monitor	track	[{"area_id": 0, "track_id": 88, "bed_status": 0, "position_x": 0, "position_y": 0, "position_z": 0, "remaining_time": 0, "track_confidence": 80}]
2026-05-05 06:50:26.000	monitor	track	[{"area_id": 0, "track_id": 88, "bed_status": 0, "position_x": 0, "position_y": 0, "position_z": 0, "remaining_time": 0, "track_confidence": 80}]
2026-05-05 06:50:58.000	monitor	heart	[{"track_id": 11, "track_confidence": 80}]
2026-05-05 06:50:58.000	event	activity	[{"track_id": 9, "event_since": 1777935058513, "track_count": 0, "event_status": "instant", "lie_duration": 0, "walk_distance": 0, "walk_duration": 0, "stand_duration": 0, "multi_person_duration": 0}]
2026-05-05 06:50:58.000	monitor	track	[{"area_id": 0, "track_id": 88, "bed_status": 0, "position_x": 0, "position_y": 0, "position_z": 0, "remaining_time": 0, "track_confidence": 80}]
2026-05-05 06:51:30.000	monitor	track	[{"area_id": 0, "track_id": 88, "bed_status": 0, "position_x": 0, "position_y": 0, "position_z": 0, "remaining_time": 0, "track_confidence": 80}]
2026-05-05 06:52:02.000	event	activity	[{"track_id": 9, "event_since": 1777935122001, "track_count": 0, "event_status": "instant", "lie_duration": 0, "walk_distance": 0, "walk_duration": 0, "stand_duration": 0, "multi_person_duration": 0}]
2026-05-05 06:52:02.000	monitor	heart	[{"track_id": 11, "track_confidence": 80}]
2026-05-05 06:52:02.000	monitor	track	[{"area_id": 0, "track_id": 88, "bed_status": 0, "position_x": 0, "position_y": 0, "position_z": 0, "remaining_time": 0, "track_confidence": 80}]
2026-05-05 06:52:33.000	monitor	track	[{"area_id": 0, "track_id": 88, "bed_status": 0, "position_x": 0, "position_y": 0, "position_z": 0, "remaining_time": 0, "track_confidence": 80}]
2026-05-05 06:53:05.000	event	activity	[{"track_id": 9, "event_since": 1777935185502, "track_count": 0, "event_status": "instant", "lie_duration": 0, "walk_distance": 0, "walk_duration": 0, "stand_duration": 0, "multi_person_duration": 0}]
2026-05-05 06:53:05.000	monitor	heart	[{"track_id": 11, "track_confidence": 80}]
2026-05-05 06:53:05.000	monitor	track	[{"area_id": 0, "track_id": 88, "bed_status": 0, "position_x": 0, "position_y": 0, "position_z": 0, "remaining_time": 0, "track_confidence": 80}]
2026-05-05 06:53:37.000	monitor	track	[{"area_id": 0, "track_id": 88, "bed_status": 0, "position_x": 0, "position_y": 0, "position_z": 0, "remaining_time": 0, "track_confidence": 80}]
2026-05-05 06:54:08.000	event	activity	[{"track_id": 9, "event_since": 1777935248977, "track_count": 0, "event_status": "instant", "lie_duration": 0, "walk_distance": 0, "walk_duration": 0, "stand_duration": 0, "multi_person_duration": 0}]
2026-05-05 06:54:08.000	monitor	heart	[{"track_id": 11, "track_confidence": 80}]
2026-05-05 06:54:09.000	monitor	track	[{"area_id": 0, "track_id": 88, "bed_status": 0, "position_x": 0, "position_y": 0, "position_z": 0, "remaining_time": 0, "track_confidence": 80}]
2026-05-05 06:54:40.000	monitor	track	[{"area_id": 0, "track_id": 88, "bed_status": 0, "position_x": 0, "position_y": 0, "position_z": 0, "remaining_time": 0, "track_confidence": 80}]
2026-05-05 06:55:12.000	monitor	heart	[{"track_id": 11, "track_confidence": 80}]
2026-05-05 06:55:12.000	event	activity	[{"track_id": 9, "event_since": 1777935312466, "track_count": 0, "event_status": "instant", "lie_duration": 0, "walk_distance": 0, "walk_duration": 0, "stand_duration": 0, "multi_person_duration": 0}]
2026-05-05 06:55:12.000	monitor	track	[{"area_id": 0, "track_id": 88, "bed_status": 0, "position_x": 0, "position_y": 0, "position_z": 0, "remaining_time": 0, "track_confidence": 80}]
2026-05-05 06:55:44.000	monitor	track	[{"area_id": 0, "track_id": 88, "bed_status": 0, "position_x": 0, "position_y": 0, "position_z": 0, "remaining_time": 0, "track_confidence": 80}]
2026-05-05 06:56:15.000	monitor	heart	[{"track_id": 11, "track_confidence": 80}]
2026-05-05 06:56:15.000	event	activity	[{"track_id": 9, "event_since": 1777935375959, "track_count": 0, "event_status": "instant", "lie_duration": 0, "walk_distance": 0, "walk_duration": 0, "stand_duration": 0, "multi_person_duration": 0}]
2026-05-05 06:56:16.000	monitor	track	[{"area_id": 0, "track_id": 88, "bed_status": 0, "position_x": 0, "position_y": 0, "position_z": 0, "remaining_time": 0, "track_confidence": 80}]
2026-05-05 06:56:47.000	monitor	track	[{"area_id": 0, "track_id": 88, "bed_status": 0, "position_x": 0, "position_y": 0, "position_z": 0, "remaining_time": 0, "track_confidence": 80}]
2026-05-05 06:57:19.000	monitor	heart	[{"track_id": 11, "track_confidence": 80}]
2026-05-05 06:57:19.000	event	activity	[{"track_id": 9, "event_since": 1777935439500, "track_count": 0, "event_status": "instant", "lie_duration": 0, "walk_distance": 0, "walk_duration": 0, "stand_duration": 0, "multi_person_duration": 0}]
2026-05-05 06:57:19.000	monitor	track	[{"area_id": 0, "track_id": 88, "bed_status": 0, "position_x": 0, "position_y": 0, "position_z": 0, "remaining_time": 0, "track_confidence": 80}]
2026-05-05 06:57:51.000	monitor	heart	[{"track_id": 11, "track_confidence": 80}]
2026-05-05 06:57:51.000	event	activity	[{"track_id": 9, "event_since": 1777935471185, "track_count": 0, "event_status": "instant", "lie_duration": 0, "walk_distance": 0, "walk_duration": 0, "stand_duration": 0, "multi_person_duration": 0}]
2026-05-05 06:57:51.000	monitor	track	[{"area_id": 0, "track_id": 88, "bed_status": 0, "position_x": 0, "position_y": 0, "position_z": 0, "remaining_time": 0, "track_confidence": 80}]
2026-05-05 06:58:22.000	monitor	track	[{"area_id": 0, "track_id": 88, "bed_status": 0, "position_x": 0, "position_y": 0, "position_z": 0, "remaining_time": 0, "track_confidence": 80}]
2026-05-05 06:58:54.000	event	activity	[{"track_id": 9, "event_since": 1777935534674, "track_count": 0, "event_status": "instant", "lie_duration": 0, "walk_distance": 0, "walk_duration": 0, "stand_duration": 0, "multi_person_duration": 0}]
2026-05-05 06:58:54.000	monitor	heart	[{"track_id": 11, "track_confidence": 80}]
2026-05-05 06:58:54.000	monitor	track	[{"area_id": 0, "track_id": 88, "bed_status": 0, "position_x": 0, "position_y": 0, "position_z": 0, "remaining_time": 0, "track_confidence": 80}]
2026-05-05 06:59:26.000	monitor	track	[{"area_id": 0, "track_id": 88, "bed_status": 0, "position_x": 0, "position_y": 0, "position_z": 0, "remaining_time": 0, "track_confidence": 80}]
2026-05-05 06:59:58.000	event	activity	[{"track_id": 9, "event_since": 1777935598263, "track_count": 0, "event_status": "instant", "lie_duration": 0, "walk_distance": 0, "walk_duration": 0, "stand_duration": 0, "multi_person_duration": 0}]
2026-05-05 06:59:58.000	monitor	heart	[{"track_id": 11, "track_confidence": 80}]
2026-05-05 06:59:58.000	monitor	track	[{"area_id": 0, "track_id": 88, "bed_status": 0, "position_x": 0, "position_y": 0, "position_z": 0, "remaining_time": 0, "track_confidence": 80}]
2026-05-05 07:00:29.000	monitor	track	[{"area_id": 0, "track_id": 88, "bed_status": 0, "position_x": 0, "position_y": 0, "position_z": 0, "remaining_time": 0, "track_confidence": 80}]
2026-05-05 07:01:01.000	event	activity	[{"track_id": 9, "event_since": 1777935661652, "track_count": 0, "event_status": "instant", "lie_duration": 0, "walk_distance": 0, "walk_duration": 0, "stand_duration": 0, "multi_person_duration": 0}]
2026-05-05 07:01:01.000	monitor	heart	[{"track_id": 11, "track_confidence": 80}]
2026-05-05 07:01:01.000	monitor	track	[{"area_id": 0, "track_id": 88, "bed_status": 0, "position_x": 0, "position_y": 0, "position_z": 0, "remaining_time": 0, "track_confidence": 80}]
2026-05-05 07:01:33.000	monitor	track	[{"area_id": 0, "track_id": 88, "bed_status": 0, "position_x": 0, "position_y": 0, "position_z": 0, "remaining_time": 0, "track_confidence": 80}]
2026-05-05 07:02:05.000	event	activity	[{"track_id": 9, "event_since": 1777935725138, "track_count": 0, "event_status": "instant", "lie_duration": 0, "walk_distance": 0, "walk_duration": 0, "stand_duration": 0, "multi_person_duration": 0}]
2026-05-05 07:02:05.000	monitor	heart	[{"track_id": 11, "track_confidence": 80}]
2026-05-05 07:02:05.000	monitor	track	[{"area_id": 0, "track_id": 88, "bed_status": 0, "position_x": 0, "position_y": 0, "position_z": 0, "remaining_time": 0, "track_confidence": 80}]
2026-05-05 07:02:36.000	monitor	track	[{"area_id": 0, "track_id": 88, "bed_status": 0, "position_x": 0, "position_y": 0, "position_z": 0, "remaining_time": 0, "track_confidence": 80}]
2026-05-05 07:03:08.000	event	activity	[{"track_id": 9, "event_since": 1777935788627, "track_count": 0, "event_status": "instant", "lie_duration": 0, "walk_distance": 0, "walk_duration": 0, "stand_duration": 0, "multi_person_duration": 0}]
2026-05-05 07:03:08.000	monitor	heart	[{"track_id": 11, "track_confidence": 80}]
2026-05-05 07:03:08.000	monitor	track	[{"area_id": 0, "track_id": 88, "bed_status": 0, "position_x": 0, "position_y": 0, "position_z": 0, "remaining_time": 0, "track_confidence": 80}]
2026-05-05 07:03:40.000	event	number_people	[{"track_id": 10, "event_since": 1777935820435, "event_status": "start", "number_people": 0}]
2026-05-05 07:03:40.000	monitor	track	[{"area_id": 0, "track_id": 88, "bed_status": 0, "position_x": 0, "position_y": 0, "position_z": 0, "remaining_time": 0, "track_confidence": 80}]
2026-05-05 07:04:12.000	event	activity	[{"track_id": 9, "event_since": 1777935852177, "track_count": 0, "event_status": "instant", "lie_duration": 0, "walk_distance": 0, "walk_duration": 0, "stand_duration": 0, "multi_person_duration": 0}]
2026-05-05 07:04:12.000	monitor	heart	[{"track_id": 11, "track_confidence": 80}]
2026-05-05 07:04:12.000	monitor	track	[{"area_id": 0, "track_id": 88, "bed_status": 0, "position_x": 0, "position_y": 0, "position_z": 0, "remaining_time": 0, "track_confidence": 80}]
2026-05-05 07:04:43.000	monitor	track	[{"area_id": 0, "track_id": 88, "bed_status": 0, "position_x": 0, "position_y": 0, "position_z": 0, "remaining_time": 0, "track_confidence": 80}]
2026-05-05 07:05:15.000	event	activity	[{"track_id": 9, "event_since": 1777935915667, "track_count": 0, "event_status": "instant", "lie_duration": 0, "walk_distance": 0, "walk_duration": 0, "stand_duration": 0, "multi_person_duration": 0}]
2026-05-05 07:05:15.000	monitor	heart	[{"track_id": 11, "track_confidence": 80}]
2026-05-05 07:05:15.000	monitor	track	[{"area_id": 0, "track_id": 88, "bed_status": 0, "position_x": 0, "position_y": 0, "position_z": 0, "remaining_time": 0, "track_confidence": 80}]
2026-05-05 07:05:47.000	event	activity	[{"track_id": 9, "event_since": 1777935947347, "track_count": 0, "event_status": "instant", "lie_duration": 0, "walk_distance": 0, "walk_duration": 0, "stand_duration": 0, "multi_person_duration": 0}]
2026-05-05 07:05:47.000	monitor	heart	[{"track_id": 11, "track_confidence": 80}]
2026-05-05 07:05:47.000	monitor	track	[{"area_id": 0, "track_id": 88, "bed_status": 0, "position_x": 0, "position_y": 0, "position_z": 0, "remaining_time": 0, "track_confidence": 80}]
2026-05-05 07:06:19.000	monitor	track	[{"area_id": 0, "track_id": 88, "bed_status": 0, "position_x": 0, "position_y": 0, "position_z": 0, "remaining_time": 0, "track_confidence": 80}]
2026-05-05 07:06:38.000	event	number_people	[{"track_id": 10, "event_since": 1777935998942, "event_status": "start", "number_people": 1}]
2026-05-05 07:06:39.000	event	EnterRoom	[{"event_since": 1777935999204, "event_status": "start"}]
2026-05-05 07:06:39.000	monitor	track	[{"pose": 4, "event": 1, "area_id": 2, "track_id": 0, "bed_status": 0, "position_x": 90, "position_y": 30, "position_z": 138, "remaining_time": 0, "track_confidence": 80}]
2026-05-05 07:06:39.000	monitor	track	[{"pose": 4, "area_id": 2, "track_id": 0, "bed_status": 0, "position_x": 70, "position_y": 0, "position_z": 97, "remaining_time": 0, "track_confidence": 80}]
2026-05-05 07:06:40.000	monitor	track	[{"pose": 4, "area_id": 2, "track_id": 0, "bed_status": 0, "position_x": 40, "position_y": 10, "position_z": 91, "remaining_time": 0, "track_confidence": 80}]
2026-05-05 07:06:41.000	monitor	track	[{"pose": 4, "area_id": 2, "track_id": 0, "bed_status": 0, "position_x": 30, "position_y": 20, "position_z": 123, "remaining_time": 0, "track_confidence": 80}]
2026-05-05 07:06:42.000	monitor	track	[{"pose": 4, "area_id": 2, "track_id": 0, "bed_status": 0, "position_x": 30, "position_y": 0, "position_z": 97, "remaining_time": 0, "track_confidence": 80}]
2026-05-05 07:06:43.000	monitor	track	[{"pose": 4, "area_id": 2, "track_id": 0, "bed_status": 0, "position_x": 0, "position_y": -30, "position_z": 117, "remaining_time": 0, "track_confidence": 80}]
2026-05-05 07:06:44.000	event	activity	[{"track_id": 9, "event_since": 1777936004958, "track_count": 1, "event_status": "instant", "lie_duration": 0, "walk_distance": 0, "walk_duration": 0, "stand_duration": 5, "multi_person_duration": 0}]
2026-05-05 07:06:44.000	monitor	heart	[{"track_id": 11, "track_confidence": 80}]
2026-05-05 07:06:45.000	monitor	track	[{"pose": 4, "area_id": 2, "track_id": 0, "bed_status": 0, "position_x": -10, "position_y": -20, "position_z": 142, "remaining_time": 0, "track_confidence": 80}]
2026-05-05 07:06:45.000	monitor	track	[{"pose": 1, "area_id": 2, "track_id": 0, "bed_status": 0, "position_x": -20, "position_y": -20, "position_z": 122, "remaining_time": 0, "track_confidence": 80}]
2026-05-05 07:06:46.000	monitor	track	[{"pose": 1, "area_id": 2, "track_id": 0, "bed_status": 0, "position_x": -20, "position_y": -10, "position_z": 128, "remaining_time": 0, "track_confidence": 80}]
2026-05-05 07:06:47.000	monitor	track	[{"pose": 4, "area_id": 2, "track_id": 0, "bed_status": 0, "position_x": -40, "position_y": 0, "position_z": 0, "remaining_time": 0, "track_confidence": 80}]
2026-05-05 07:06:48.000	monitor	track	[{"pose": 4, "area_id": 2, "track_id": 0, "bed_status": 0, "position_x": -40, "position_y": 0, "position_z": 0, "remaining_time": 0, "track_confidence": 80}]
2026-05-05 07:06:49.000	monitor	track	[{"pose": 4, "area_id": 2, "track_id": 0, "bed_status": 0, "position_x": -40, "position_y": 0, "position_z": 0, "remaining_time": 0, "track_confidence": 80}]
2026-05-05 07:06:50.000	monitor	track	[{"pose": 4, "area_id": 2, "track_id": 0, "bed_status": 0, "position_x": -40, "position_y": 0, "position_z": 0, "remaining_time": 0, "track_confidence": 80}]
2026-05-05 07:06:51.000	monitor	track	[{"pose": 4, "area_id": 2, "track_id": 0, "bed_status": 0, "position_x": -40, "position_y": 0, "position_z": 0, "remaining_time": 0, "track_confidence": 80}]
2026-05-05 07:06:52.000	monitor	track	[{"pose": 4, "area_id": 2, "track_id": 0, "bed_status": 0, "position_x": -40, "position_y": 0, "position_z": 0, "remaining_time": 0, "track_confidence": 80}]
2026-05-05 07:06:53.000	monitor	track	[{"pose": 4, "area_id": 2, "track_id": 0, "bed_status": 0, "position_x": -40, "position_y": 0, "position_z": 0, "remaining_time": 0, "track_confidence": 80}]
2026-05-05 07:06:54.000	monitor	track	[{"pose": 4, "area_id": 2, "track_id": 0, "bed_status": 0, "position_x": 0, "position_y": -20, "position_z": 0, "remaining_time": 0, "track_confidence": 80}]
2026-05-05 07:06:55.000	monitor	track	[{"pose": 4, "area_id": 2, "track_id": 0, "bed_status": 0, "position_x": 0, "position_y": -20, "position_z": 172, "remaining_time": 0, "track_confidence": 80}]
2026-05-05 07:06:56.000	monitor	track	[{"pose": 4, "area_id": 2, "track_id": 0, "bed_status": 0, "position_x": -20, "position_y": 0, "position_z": 81, "remaining_time": 0, "track_confidence": 80}]
2026-05-05 07:06:57.000	monitor	track	[{"pose": 4, "area_id": 2, "track_id": 0, "bed_status": 0, "position_x": -20, "position_y": -10, "position_z": 129, "remaining_time": 0, "track_confidence": 80}]
2026-05-05 07:06:58.000	monitor	track	[{"pose": 4, "area_id": 2, "track_id": 0, "bed_status": 0, "position_x": 0, "position_y": -20, "position_z": 0, "remaining_time": 0, "track_confidence": 80}]
2026-05-05 07:06:59.000	monitor	track	[{"pose": 4, "area_id": 2, "track_id": 0, "bed_status": 0, "position_x": 0, "position_y": -20, "position_z": 0, "remaining_time": 0, "track_confidence": 80}]
2026-05-05 07:07:00.000	monitor	track	[{"pose": 4, "area_id": 2, "track_id": 0, "bed_status": 0, "position_x": 0, "position_y": -20, "position_z": 0, "remaining_time": 0, "track_confidence": 80}]
2026-05-05 07:07:01.000	monitor	track	[{"pose": 4, "area_id": 2, "track_id": 0, "bed_status": 0, "position_x": 0, "position_y": -20, "position_z": 0, "remaining_time": 0, "track_confidence": 80}]
2026-05-05 07:07:02.000	monitor	track	[{"pose": 4, "area_id": 2, "track_id": 0, "bed_status": 0, "position_x": 0, "position_y": -20, "position_z": 0, "remaining_time": 0, "track_confidence": 80}]
2026-05-05 07:07:03.000	monitor	track	[{"pose": 4, "area_id": 2, "track_id": 0, "bed_status": 0, "position_x": 0, "position_y": -10, "position_z": 0, "remaining_time": 0, "track_confidence": 80}]
2026-05-05 07:07:04.000	monitor	track	[{"pose": 4, "area_id": 2, "track_id": 0, "bed_status": 0, "position_x": 0, "position_y": 10, "position_z": 0, "remaining_time": 0, "track_confidence": 80}]
2026-05-05 07:07:05.000	monitor	track	[{"pose": 4, "area_id": 2, "track_id": 0, "bed_status": 0, "position_x": -10, "position_y": -20, "position_z": 0, "remaining_time": 0, "track_confidence": 80}]
2026-05-05 07:07:06.000	monitor	track	[{"pose": 4, "area_id": 2, "track_id": 0, "bed_status": 0, "position_x": -10, "position_y": -30, "position_z": 0, "remaining_time": 0, "track_confidence": 80}]
2026-05-05 07:07:07.000	monitor	track	[{"pose": 4, "area_id": 2, "track_id": 0, "bed_status": 0, "position_x": -10, "position_y": -30, "position_z": 0, "remaining_time": 0, "track_confidence": 80}]
2026-05-05 07:07:08.000	monitor	track	[{"pose": 4, "area_id": 2, "track_id": 0, "bed_status": 0, "position_x": -10, "position_y": -30, "position_z": 0, "remaining_time": 0, "track_confidence": 80}]
2026-05-05 07:07:09.000	monitor	track	[{"pose": 4, "area_id": 2, "track_id": 0, "bed_status": 0, "position_x": -10, "position_y": -30, "position_z": 0, "remaining_time": 0, "track_confidence": 80}]
2026-05-05 07:07:10.000	monitor	track	[{"pose": 4, "area_id": 2, "track_id": 0, "bed_status": 0, "position_x": -10, "position_y": -30, "position_z": 0, "remaining_time": 0, "track_confidence": 80}]
2026-05-05 07:07:11.000	monitor	track	[{"pose": 4, "area_id": 2, "track_id": 0, "bed_status": 0, "position_x": -10, "position_y": -20, "position_z": 0, "remaining_time": 0, "track_confidence": 80}]
2026-05-05 07:07:12.000	monitor	track	[{"pose": 4, "area_id": 2, "track_id": 0, "bed_status": 0, "position_x": -10, "position_y": -30, "position_z": 0, "remaining_time": 0, "track_confidence": 80}]
2026-05-05 07:07:13.000	monitor	track	[{"pose": 4, "area_id": 2, "track_id": 0, "bed_status": 0, "position_x": -10, "position_y": -30, "position_z": 0, "remaining_time": 0, "track_confidence": 80}]
2026-05-05 07:07:14.000	monitor	track	[{"pose": 4, "area_id": 2, "track_id": 0, "bed_status": 0, "position_x": -10, "position_y": -30, "position_z": 0, "remaining_time": 0, "track_confidence": 80}]
2026-05-05 07:07:15.000	monitor	track	[{"pose": 4, "area_id": 2, "track_id": 0, "bed_status": 0, "position_x": -10, "position_y": -30, "position_z": 0, "remaining_time": 0, "track_confidence": 80}]
2026-05-05 07:07:16.000	monitor	track	[{"pose": 4, "area_id": 2, "track_id": 0, "bed_status": 0, "position_x": -10, "position_y": -30, "position_z": 0, "remaining_time": 0, "track_confidence": 80}]
2026-05-05 07:07:17.000	monitor	track	[{"pose": 4, "area_id": 2, "track_id": 0, "bed_status": 0, "position_x": -20, "position_y": -20, "position_z": 188, "remaining_time": 0, "track_confidence": 80}]
2026-05-05 07:07:18.000	monitor	track	[{"pose": 4, "area_id": 2, "track_id": 0, "bed_status": 0, "position_x": -10, "position_y": -30, "position_z": 0, "remaining_time": 0, "track_confidence": 80}]
2026-05-05 07:07:19.000	monitor	track	[{"pose": 4, "area_id": 2, "track_id": 0, "bed_status": 0, "position_x": -60, "position_y": -40, "position_z": 69, "remaining_time": 0, "track_confidence": 80}]
2026-05-05 07:07:20.000	monitor	track	[{"pose": 4, "area_id": 2, "track_id": 0, "bed_status": 0, "position_x": -70, "position_y": -50, "position_z": 120, "remaining_time": 0, "track_confidence": 80}]
2026-05-05 07:07:21.000	monitor	track	[{"pose": 4, "area_id": 2, "track_id": 0, "bed_status": 0, "position_x": -70, "position_y": -60, "position_z": 0, "remaining_time": 0, "track_confidence": 80}]
2026-05-05 07:07:22.000	monitor	track	[{"pose": 4, "area_id": 2, "track_id": 0, "bed_status": 0, "position_x": -20, "position_y": -40, "position_z": 0, "remaining_time": 0, "track_confidence": 80}]
2026-05-05 07:07:23.000	monitor	track	[{"pose": 4, "area_id": 2, "track_id": 0, "bed_status": 0, "position_x": -80, "position_y": -50, "position_z": 71, "remaining_time": 0, "track_confidence": 80}]
2026-05-05 07:07:24.000	monitor	track	[{"pose": 4, "area_id": 2, "track_id": 0, "bed_status": 0, "position_x": -50, "position_y": -50, "position_z": 65, "remaining_time": 0, "track_confidence": 80}]
2026-05-05 07:07:25.000	monitor	track	[{"pose": 4, "area_id": 2, "track_id": 0, "bed_status": 0, "position_x": -80, "position_y": -50, "position_z": 0, "remaining_time": 0, "track_confidence": 80}]
2026-05-05 07:07:26.000	monitor	track	[{"pose": 4, "area_id": 2, "track_id": 0, "bed_status": 0, "position_x": -50, "position_y": -40, "position_z": 143, "remaining_time": 0, "track_confidence": 80}]
2026-05-05 07:07:27.000	monitor	track	[{"pose": 4, "area_id": 2, "track_id": 0, "bed_status": 0, "position_x": -50, "position_y": -50, "position_z": 0, "remaining_time": 0, "track_confidence": 80}]
2026-05-05 07:07:28.000	monitor	track	[{"pose": 4, "area_id": 2, "track_id": 0, "bed_status": 0, "position_x": -60, "position_y": -50, "position_z": 0, "remaining_time": 0, "track_confidence": 80}]
2026-05-05 07:07:29.000	monitor	track	[{"pose": 4, "area_id": 2, "track_id": 0, "bed_status": 0, "position_x": -80, "position_y": -40, "position_z": 0, "remaining_time": 0, "track_confidence": 80}]
2026-05-05 07:07:30.000	monitor	track	[{"pose": 4, "area_id": 2, "track_id": 0, "bed_status": 0, "position_x": -90, "position_y": -60, "position_z": 0, "remaining_time": 0, "track_confidence": 80}]
2026-05-05 07:07:31.000	monitor	track	[{"pose": 4, "area_id": 2, "track_id": 0, "bed_status": 0, "position_x": -30, "position_y": -50, "position_z": 0, "remaining_time": 0, "track_confidence": 80}]
2026-05-05 07:07:32.000	monitor	track	[{"pose": 4, "area_id": 2, "track_id": 0, "bed_status": 0, "position_x": -10, "position_y": -50, "position_z": 0, "remaining_time": 0, "track_confidence": 80}]
2026-05-05 07:07:33.000	monitor	track	[{"pose": 4, "area_id": 2, "track_id": 0, "bed_status": 0, "position_x": -10, "position_y": -50, "position_z": 0, "remaining_time": 0, "track_confidence": 80}]
2026-05-05 07:07:34.000	monitor	track	[{"pose": 4, "area_id": 2, "track_id": 0, "bed_status": 0, "position_x": -50, "position_y": -50, "position_z": 0, "remaining_time": 0, "track_confidence": 80}]
2026-05-05 07:07:35.000	monitor	track	[{"pose": 4, "area_id": 2, "track_id": 0, "bed_status": 0, "position_x": -50, "position_y": -50, "position_z": 0, "remaining_time": 0, "track_confidence": 80}]
2026-05-05 07:07:36.000	monitor	track	[{"pose": 4, "area_id": 2, "track_id": 0, "bed_status": 0, "position_x": -100, "position_y": -50, "position_z": 0, "remaining_time": 0, "track_confidence": 80}]
2026-05-05 07:07:37.000	monitor	track	[{"pose": 4, "area_id": 2, "track_id": 0, "bed_status": 0, "position_x": -110, "position_y": -50, "position_z": 0, "remaining_time": 0, "track_confidence": 80}]
2026-05-05 07:07:38.000	monitor	track	[{"pose": 4, "area_id": 2, "track_id": 0, "bed_status": 0, "position_x": -110, "position_y": -50, "position_z": 0, "remaining_time": 0, "track_confidence": 80}]
2026-05-05 07:07:39.000	monitor	track	[{"pose": 4, "area_id": 2, "track_id": 0, "bed_status": 0, "position_x": -110, "position_y": -50, "position_z": 0, "remaining_time": 0, "track_confidence": 80}]
2026-05-05 07:07:40.000	monitor	track	[{"pose": 4, "area_id": 2, "track_id": 0, "bed_status": 0, "position_x": -110, "position_y": -50, "position_z": 0, "remaining_time": 0, "track_confidence": 80}]
2026-05-05 07:07:41.000	monitor	track	[{"pose": 4, "area_id": 2, "track_id": 0, "bed_status": 0, "position_x": -110, "position_y": -50, "position_z": 0, "remaining_time": 0, "track_confidence": 80}]
2026-05-05 07:07:42.000	monitor	track	[{"pose": 4, "area_id": 2, "track_id": 0, "bed_status": 0, "position_x": -110, "position_y": -50, "position_z": 0, "remaining_time": 0, "track_confidence": 80}]
2026-05-05 07:07:43.000	monitor	track	[{"pose": 4, "area_id": 2, "track_id": 0, "bed_status": 0, "position_x": -110, "position_y": -50, "position_z": 0, "remaining_time": 0, "track_confidence": 80}]
2026-05-05 07:07:44.000	event	number_people	[{"track_id": 10, "event_since": 1777936064420, "event_status": "start", "number_people": 2}]
2026-05-05 07:07:44.000	monitor	track	[{"pose": 4, "area_id": 2, "track_id": 0, "bed_status": 0, "position_x": -110, "position_y": -50, "position_z": 0, "track_count": 2, "remaining_time": 0, "track_confidence": 80}]
2026-05-05 07:07:44.000	monitor	track	[{"pose": 4, "area_id": 255, "track_id": 1, "bed_status": 0, "position_x": 0, "position_y": -10, "position_z": 119, "track_count": 2, "remaining_time": 0, "track_confidence": 80}]
2026-05-05 07:07:45.000	event	activity	[{"track_id": 9, "event_since": 1777936065423, "track_count": 1, "event_status": "instant", "lie_duration": 0, "walk_distance": 0, "walk_duration": 2, "stand_duration": 58, "multi_person_duration": 0}]
2026-05-05 07:07:45.000	monitor	heart	[{"track_id": 11, "track_confidence": 80}]
2026-05-05 07:07:45.000	monitor	track	[{"pose": 4, "area_id": 2, "track_id": 0, "bed_status": 0, "position_x": -110, "position_y": -40, "position_z": 0, "track_count": 2, "remaining_time": 0, "track_confidence": 80}]
2026-05-05 07:07:45.000	monitor	track	[{"pose": 4, "area_id": 255, "track_id": 1, "bed_status": 0, "position_x": 0, "position_y": -20, "position_z": 172, "track_count": 2, "remaining_time": 0, "track_confidence": 80}]
2026-05-05 07:07:46.000	monitor	track	[{"pose": 4, "area_id": 2, "track_id": 0, "bed_status": 0, "position_x": -100, "position_y": -30, "position_z": 0, "track_count": 2, "remaining_time": 0, "track_confidence": 80}]
2026-05-05 07:07:46.000	monitor	track	[{"pose": 4, "area_id": 255, "track_id": 1, "bed_status": 0, "position_x": 0, "position_y": -30, "position_z": 188, "track_count": 2, "remaining_time": 0, "track_confidence": 80}]
2026-05-05 07:07:47.000	monitor	track	[{"pose": 4, "area_id": 2, "track_id": 0, "bed_status": 0, "position_x": -100, "position_y": -30, "position_z": 0, "track_count": 2, "remaining_time": 0, "track_confidence": 80}]
2026-05-05 07:07:47.000	monitor	track	[{"pose": 4, "area_id": 255, "track_id": 1, "bed_status": 0, "position_x": 0, "position_y": -30, "position_z": 134, "track_count": 2, "remaining_time": 0, "track_confidence": 80}]
2026-05-05 07:07:48.000	monitor	track	[{"pose": 4, "area_id": 2, "track_id": 0, "bed_status": 0, "position_x": -100, "position_y": -20, "position_z": 0, "track_count": 2, "remaining_time": 0, "track_confidence": 80}]
2026-05-05 07:07:48.000	monitor	track	[{"pose": 4, "area_id": 255, "track_id": 1, "bed_status": 0, "position_x": 0, "position_y": -30, "position_z": 123, "track_count": 2, "remaining_time": 0, "track_confidence": 80}]
2026-05-05 07:07:49.000	monitor	track	[{"pose": 4, "area_id": 2, "track_id": 0, "bed_status": 0, "position_x": -100, "position_y": -20, "position_z": 0, "track_count": 2, "remaining_time": 0, "track_confidence": 80}]
2026-05-05 07:07:49.000	monitor	track	[{"pose": 4, "area_id": 255, "track_id": 1, "bed_status": 0, "position_x": 0, "position_y": -30, "position_z": 153, "track_count": 2, "remaining_time": 0, "track_confidence": 80}]
2026-05-05 07:07:50.000	monitor	track	[{"pose": 4, "area_id": 2, "track_id": 0, "bed_status": 0, "position_x": -100, "position_y": -20, "position_z": 0, "track_count": 2, "remaining_time": 0, "track_confidence": 80}]
2026-05-05 07:07:50.000	monitor	track	[{"pose": 4, "area_id": 255, "track_id": 1, "bed_status": 0, "position_x": 0, "position_y": -30, "position_z": 100, "track_count": 2, "remaining_time": 0, "track_confidence": 80}]
2026-05-05 07:07:51.000	monitor	track	[{"pose": 4, "area_id": 2, "track_id": 0, "bed_status": 0, "position_x": -100, "position_y": -20, "position_z": 0, "track_count": 2, "remaining_time": 0, "track_confidence": 80}]
2026-05-05 07:07:51.000	monitor	track	[{"pose": 4, "area_id": 255, "track_id": 1, "bed_status": 0, "position_x": 0, "position_y": -30, "position_z": 98, "track_count": 2, "remaining_time": 0, "track_confidence": 80}]
2026-05-05 07:07:52.000	monitor	track	[{"pose": 4, "area_id": 2, "track_id": 0, "bed_status": 0, "position_x": -110, "position_y": -30, "position_z": 0, "track_count": 2, "remaining_time": 0, "track_confidence": 80}]
2026-05-05 07:07:52.000	monitor	track	[{"pose": 4, "area_id": 255, "track_id": 1, "bed_status": 0, "position_x": 0, "position_y": -20, "position_z": 102, "track_count": 2, "remaining_time": 0, "track_confidence": 80}]
2026-05-05 07:07:53.000	monitor	track	[{"pose": 4, "area_id": 2, "track_id": 0, "bed_status": 0, "position_x": -110, "position_y": -30, "position_z": 0, "track_count": 2, "remaining_time": 0, "track_confidence": 80}]
2026-05-05 07:07:53.000	monitor	track	[{"pose": 4, "area_id": 255, "track_id": 1, "bed_status": 0, "position_x": 0, "position_y": -10, "position_z": 106, "track_count": 2, "remaining_time": 0, "track_confidence": 80}]
2026-05-05 07:07:54.000	monitor	track	[{"pose": 4, "area_id": 2, "track_id": 0, "bed_status": 0, "position_x": -110, "position_y": -10, "position_z": 0, "track_count": 2, "remaining_time": 0, "track_confidence": 80}]
2026-05-05 07:07:54.000	monitor	track	[{"pose": 4, "area_id": 255, "track_id": 1, "bed_status": 0, "position_x": 0, "position_y": -20, "position_z": 87, "track_count": 2, "remaining_time": 0, "track_confidence": 80}]
2026-05-05 07:07:55.000	monitor	track	[{"pose": 4, "area_id": 2, "track_id": 0, "bed_status": 0, "position_x": -130, "position_y": 0, "position_z": 0, "track_count": 2, "remaining_time": 0, "track_confidence": 80}]
2026-05-05 07:07:55.000	monitor	track	[{"pose": 4, "area_id": 255, "track_id": 1, "bed_status": 0, "position_x": 30, "position_y": 10, "position_z": 97, "track_count": 2, "remaining_time": 0, "track_confidence": 80}]
2026-05-05 07:07:56.000	monitor	track	[{"pose": 4, "area_id": 2, "track_id": 0, "bed_status": 0, "position_x": -130, "position_y": 0, "position_z": 0, "track_count": 2, "remaining_time": 0, "track_confidence": 80}]
2026-05-05 07:07:56.000	monitor	track	[{"pose": 1, "area_id": 255, "track_id": 1, "bed_status": 0, "position_x": 20, "position_y": 10, "position_z": 98, "track_count": 2, "remaining_time": 0, "track_confidence": 80}]
2026-05-05 07:07:57.000	monitor	track	[{"pose": 4, "area_id": 2, "track_id": 0, "bed_status": 0, "position_x": -130, "position_y": 0, "position_z": 0, "track_count": 2, "remaining_time": 0, "track_confidence": 80}]
2026-05-05 07:07:57.000	monitor	track	[{"pose": 1, "area_id": 255, "track_id": 1, "bed_status": 0, "position_x": 20, "position_y": 0, "position_z": 100, "track_count": 2, "remaining_time": 0, "track_confidence": 80}]
2026-05-05 07:07:58.000	monitor	track	[{"pose": 4, "area_id": 2, "track_id": 0, "bed_status": 0, "position_x": -120, "position_y": 0, "position_z": 0, "track_count": 2, "remaining_time": 0, "track_confidence": 80}]
2026-05-05 07:07:58.000	monitor	track	[{"pose": 1, "area_id": 255, "track_id": 1, "bed_status": 0, "position_x": 50, "position_y": -10, "position_z": 108, "track_count": 2, "remaining_time": 0, "track_confidence": 80}]
2026-05-05 07:07:59.000	monitor	track	[{"pose": 4, "area_id": 2, "track_id": 0, "bed_status": 0, "position_x": -120, "position_y": 0, "position_z": 0, "track_count": 2, "remaining_time": 0, "track_confidence": 80}]
2026-05-05 07:07:59.000	monitor	track	[{"pose": 1, "area_id": 255, "track_id": 1, "bed_status": 0, "position_x": 60, "position_y": 0, "position_z": 112, "track_count": 2, "remaining_time": 0, "track_confidence": 80}]
2026-05-05 07:08:00.000	monitor	track	[{"pose": 4, "area_id": 2, "track_id": 0, "bed_status": 0, "position_x": -120, "position_y": 0, "position_z": 0, "track_count": 2, "remaining_time": 0, "track_confidence": 80}]
2026-05-05 07:08:00.000	monitor	track	[{"pose": 1, "area_id": 255, "track_id": 1, "bed_status": 0, "position_x": 70, "position_y": 20, "position_z": 95, "track_count": 2, "remaining_time": 0, "track_confidence": 80}]
2026-05-05 07:08:01.000	monitor	track	[{"pose": 4, "area_id": 2, "track_id": 0, "bed_status": 0, "position_x": -120, "position_y": 0, "position_z": 0, "track_count": 2, "remaining_time": 0, "track_confidence": 80}]
2026-05-05 07:08:01.000	monitor	track	[{"pose": 1, "area_id": 255, "track_id": 1, "bed_status": 0, "position_x": 70, "position_y": 30, "position_z": 0, "track_count": 2, "remaining_time": 0, "track_confidence": 80}]
2026-05-05 07:08:02.000	monitor	track	[{"pose": 4, "area_id": 2, "track_id": 0, "bed_status": 0, "position_x": -120, "position_y": 0, "position_z": 0, "track_count": 2, "remaining_time": 0, "track_confidence": 80}]
2026-05-05 07:08:02.000	monitor	track	[{"pose": 4, "area_id": 255, "track_id": 1, "bed_status": 0, "position_x": 70, "position_y": 30, "position_z": 0, "track_count": 2, "remaining_time": 0, "track_confidence": 80}]
2026-05-05 07:08:03.000	monitor	track	[{"pose": 4, "area_id": 2, "track_id": 0, "bed_status": 0, "position_x": -120, "position_y": 0, "position_z": 0, "track_count": 2, "remaining_time": 0, "track_confidence": 80}]
2026-05-05 07:08:03.000	monitor	track	[{"pose": 4, "area_id": 255, "track_id": 1, "bed_status": 0, "position_x": 70, "position_y": 20, "position_z": 0, "track_count": 2, "remaining_time": 0, "track_confidence": 80}]
2026-05-05 07:08:04.000	monitor	track	[{"pose": 4, "area_id": 2, "track_id": 0, "bed_status": 0, "position_x": -120, "position_y": 0, "position_z": 0, "track_count": 2, "remaining_time": 0, "track_confidence": 80}]
2026-05-05 07:08:04.000	monitor	track	[{"pose": 3, "area_id": 255, "track_id": 1, "bed_status": 0, "position_x": 70, "position_y": 20, "position_z": 0, "track_count": 2, "remaining_time": 0, "track_confidence": 80}]
2026-05-05 07:08:05.000	monitor	track	[{"pose": 4, "area_id": 2, "track_id": 0, "bed_status": 0, "position_x": -120, "position_y": 0, "position_z": 0, "track_count": 2, "remaining_time": 0, "track_confidence": 80}]
2026-05-05 07:08:05.000	monitor	track	[{"pose": 3, "area_id": 255, "track_id": 1, "bed_status": 0, "position_x": 70, "position_y": 20, "position_z": 0, "track_count": 2, "remaining_time": 0, "track_confidence": 80}]
2026-05-05 07:08:06.000	monitor	track	[{"pose": 4, "area_id": 2, "track_id": 0, "bed_status": 0, "position_x": -120, "position_y": 0, "position_z": 0, "track_count": 2, "remaining_time": 0, "track_confidence": 80}]
2026-05-05 07:08:06.000	monitor	track	[{"pose": 3, "area_id": 255, "track_id": 1, "bed_status": 0, "position_x": 70, "position_y": 20, "position_z": 0, "track_count": 2, "remaining_time": 0, "track_confidence": 80}]
2026-05-05 07:08:07.000	monitor	track	[{"pose": 4, "area_id": 2, "track_id": 0, "bed_status": 0, "position_x": -120, "position_y": 0, "position_z": 0, "track_count": 2, "remaining_time": 0, "track_confidence": 80}]
2026-05-05 07:08:07.000	monitor	track	[{"pose": 3, "area_id": 255, "track_id": 1, "bed_status": 0, "position_x": 70, "position_y": 20, "position_z": 0, "track_count": 2, "remaining_time": 0, "track_confidence": 80}]
2026-05-05 07:08:08.000	monitor	track	[{"pose": 4, "area_id": 2, "track_id": 0, "bed_status": 0, "position_x": -120, "position_y": 0, "position_z": 0, "track_count": 2, "remaining_time": 0, "track_confidence": 80}]
2026-05-05 07:08:08.000	monitor	track	[{"pose": 3, "area_id": 255, "track_id": 1, "bed_status": 0, "position_x": 70, "position_y": 20, "position_z": 0, "track_count": 2, "remaining_time": 0, "track_confidence": 80}]
2026-05-05 07:08:09.000	monitor	track	[{"pose": 4, "area_id": 2, "track_id": 0, "bed_status": 0, "position_x": -120, "position_y": 0, "position_z": 0, "track_count": 2, "remaining_time": 0, "track_confidence": 80}]
2026-05-05 07:08:09.000	monitor	track	[{"pose": 3, "area_id": 255, "track_id": 1, "bed_status": 0, "position_x": 70, "position_y": 20, "position_z": 0, "track_count": 2, "remaining_time": 0, "track_confidence": 80}]
2026-05-05 07:08:10.000	monitor	track	[{"pose": 4, "area_id": 2, "track_id": 0, "bed_status": 0, "position_x": -120, "position_y": 0, "position_z": 0, "track_count": 2, "remaining_time": 0, "track_confidence": 80}]
2026-05-05 07:08:10.000	monitor	track	[{"pose": 3, "area_id": 255, "track_id": 1, "bed_status": 0, "position_x": 70, "position_y": 20, "position_z": 0, "track_count": 2, "remaining_time": 0, "track_confidence": 80}]
2026-05-05 07:08:11.000	monitor	track	[{"pose": 4, "area_id": 2, "track_id": 0, "bed_status": 0, "position_x": -120, "position_y": 0, "position_z": 0, "track_count": 2, "remaining_time": 0, "track_confidence": 80}]
2026-05-05 07:08:11.000	monitor	track	[{"pose": 3, "area_id": 255, "track_id": 1, "bed_status": 0, "position_x": 70, "position_y": 20, "position_z": 0, "track_count": 2, "remaining_time": 0, "track_confidence": 80}]
2026-05-05 07:08:12.000	monitor	track	[{"pose": 4, "area_id": 2, "track_id": 0, "bed_status": 0, "position_x": -120, "position_y": 0, "position_z": 0, "track_count": 2, "remaining_time": 0, "track_confidence": 80}]
2026-05-05 07:08:12.000	monitor	track	[{"pose": 3, "area_id": 255, "track_id": 1, "bed_status": 0, "position_x": 70, "position_y": 20, "position_z": 0, "track_count": 2, "remaining_time": 0, "track_confidence": 80}]
2026-05-05 07:08:13.000	monitor	track	[{"pose": 4, "area_id": 2, "track_id": 0, "bed_status": 0, "position_x": -120, "position_y": 0, "position_z": 0, "track_count": 2, "remaining_time": 0, "track_confidence": 80}]
2026-05-05 07:08:13.000	monitor	track	[{"pose": 3, "area_id": 255, "track_id": 1, "bed_status": 0, "position_x": 70, "position_y": 20, "position_z": 0, "track_count": 2, "remaining_time": 0, "track_confidence": 80}]
2026-05-05 07:08:14.000	monitor	track	[{"pose": 4, "area_id": 2, "track_id": 0, "bed_status": 0, "position_x": -120, "position_y": 0, "position_z": 0, "track_count": 2, "remaining_time": 0, "track_confidence": 80}]
2026-05-05 07:08:14.000	monitor	track	[{"pose": 3, "area_id": 255, "track_id": 1, "bed_status": 0, "position_x": 70, "position_y": 20, "position_z": 0, "track_count": 2, "remaining_time": 0, "track_confidence": 80}]
2026-05-05 07:08:15.000	monitor	track	[{"pose": 4, "area_id": 2, "track_id": 0, "bed_status": 0, "position_x": -120, "position_y": 0, "position_z": 0, "track_count": 2, "remaining_time": 0, "track_confidence": 80}]
2026-05-05 07:08:15.000	monitor	track	[{"pose": 3, "area_id": 255, "track_id": 1, "bed_status": 0, "position_x": 70, "position_y": 20, "position_z": 0, "track_count": 2, "remaining_time": 0, "track_confidence": 80}]
2026-05-05 07:08:16.000	monitor	track	[{"pose": 4, "area_id": 2, "track_id": 0, "bed_status": 0, "position_x": -120, "position_y": 0, "position_z": 0, "track_count": 2, "remaining_time": 0, "track_confidence": 80}]
2026-05-05 07:08:16.000	monitor	track	[{"pose": 3, "area_id": 255, "track_id": 1, "bed_status": 0, "position_x": 70, "position_y": 20, "position_z": 0, "track_count": 2, "remaining_time": 0, "track_confidence": 80}]
2026-05-05 07:08:17.000	monitor	track	[{"pose": 4, "area_id": 2, "track_id": 0, "bed_status": 0, "position_x": -120, "position_y": 0, "position_z": 0, "track_count": 2, "remaining_time": 0, "track_confidence": 80}]
2026-05-05 07:08:17.000	monitor	track	[{"pose": 3, "area_id": 255, "track_id": 1, "bed_status": 0, "position_x": 70, "position_y": 20, "position_z": 0, "track_count": 2, "remaining_time": 0, "track_confidence": 80}]
2026-05-05 07:08:18.000	monitor	track	[{"pose": 4, "area_id": 2, "track_id": 0, "bed_status": 0, "position_x": -120, "position_y": 0, "position_z": 0, "track_count": 2, "remaining_time": 0, "track_confidence": 80}]
2026-05-05 07:08:18.000	monitor	track	[{"pose": 3, "area_id": 255, "track_id": 1, "bed_status": 0, "position_x": 70, "position_y": 20, "position_z": 0, "track_count": 2, "remaining_time": 0, "track_confidence": 80}]
2026-05-05 07:08:19.000	monitor	track	[{"pose": 4, "area_id": 2, "track_id": 0, "bed_status": 0, "position_x": -120, "position_y": 0, "position_z": 0, "track_count": 2, "remaining_time": 0, "track_confidence": 80}]
2026-05-05 07:08:19.000	monitor	track	[{"pose": 3, "area_id": 255, "track_id": 1, "bed_status": 0, "position_x": 70, "position_y": 20, "position_z": 0, "track_count": 2, "remaining_time": 0, "track_confidence": 80}]
2026-05-05 07:08:20.000	monitor	track	[{"pose": 4, "area_id": 2, "track_id": 0, "bed_status": 0, "position_x": -120, "position_y": 0, "position_z": 0, "track_count": 2, "remaining_time": 0, "track_confidence": 80}]
2026-05-05 07:08:20.000	monitor	track	[{"pose": 3, "area_id": 255, "track_id": 1, "bed_status": 0, "position_x": 70, "position_y": 20, "position_z": 0, "track_count": 2, "remaining_time": 0, "track_confidence": 80}]
2026-05-05 07:08:21.000	monitor	track	[{"pose": 4, "area_id": 2, "track_id": 0, "bed_status": 0, "position_x": -120, "position_y": 0, "position_z": 0, "track_count": 2, "remaining_time": 0, "track_confidence": 80}]
2026-05-05 07:08:21.000	monitor	track	[{"pose": 3, "area_id": 255, "track_id": 1, "bed_status": 0, "position_x": 70, "position_y": 20, "position_z": 0, "track_count": 2, "remaining_time": 0, "track_confidence": 80}]
2026-05-05 07:08:22.000	monitor	track	[{"pose": 4, "area_id": 2, "track_id": 0, "bed_status": 0, "position_x": -120, "position_y": 0, "position_z": 0, "track_count": 2, "remaining_time": 0, "track_confidence": 80}]
2026-05-05 07:08:22.000	monitor	track	[{"pose": 3, "area_id": 255, "track_id": 1, "bed_status": 0, "position_x": 70, "position_y": 20, "position_z": 0, "track_count": 2, "remaining_time": 0, "track_confidence": 80}]
2026-05-05 07:08:23.000	monitor	track	[{"pose": 4, "area_id": 2, "track_id": 0, "bed_status": 0, "position_x": -120, "position_y": 0, "position_z": 0, "track_count": 2, "remaining_time": 0, "track_confidence": 80}]
2026-05-05 07:08:23.000	monitor	track	[{"pose": 3, "area_id": 255, "track_id": 1, "bed_status": 0, "position_x": 70, "position_y": 20, "position_z": 0, "track_count": 2, "remaining_time": 0, "track_confidence": 80}]
2026-05-05 07:08:24.000	monitor	track	[{"pose": 4, "area_id": 2, "track_id": 0, "bed_status": 0, "position_x": -120, "position_y": 0, "position_z": 0, "track_count": 2, "remaining_time": 0, "track_confidence": 80}]
2026-05-05 07:08:24.000	monitor	track	[{"pose": 3, "area_id": 255, "track_id": 1, "bed_status": 0, "position_x": 70, "position_y": 20, "position_z": 0, "track_count": 2, "remaining_time": 0, "track_confidence": 80}]
2026-05-05 07:08:25.000	monitor	track	[{"pose": 4, "area_id": 2, "track_id": 0, "bed_status": 0, "position_x": -120, "position_y": 0, "position_z": 0, "track_count": 2, "remaining_time": 0, "track_confidence": 80}]
2026-05-05 07:08:25.000	monitor	track	[{"pose": 3, "area_id": 255, "track_id": 1, "bed_status": 0, "position_x": 70, "position_y": 20, "position_z": 0, "track_count": 2, "remaining_time": 0, "track_confidence": 80}]
2026-05-05 07:08:26.000	monitor	track	[{"pose": 4, "area_id": 2, "track_id": 0, "bed_status": 0, "position_x": -120, "position_y": 0, "position_z": 0, "track_count": 2, "remaining_time": 0, "track_confidence": 80}]
2026-05-05 07:08:26.000	monitor	track	[{"pose": 3, "area_id": 255, "track_id": 1, "bed_status": 0, "position_x": 70, "position_y": 20, "position_z": 0, "track_count": 2, "remaining_time": 0, "track_confidence": 80}]
2026-05-05 07:08:27.000	event	track_verdict	[{"ts": 1777936107123, "pose": 3, "reason": "ghost_low_score", "source": "sensor.caregiver01", "evidence": {"score": 17, "context": "no_enter_pair", "birth_score": 50, "frame_count": 44, "ghost_penalty": 70}, "track_id": 1, "area_type": "sensing", "position_x": 20, "position_y": 220, "position_z": 0, "track_confidence": 30}]
2026-05-05 07:08:27.000	monitor	track	[{"pose": 4, "area_id": 2, "track_id": 0, "bed_status": 0, "position_x": -120, "position_y": 0, "position_z": 0, "track_count": 2, "remaining_time": 0, "track_confidence": 80}]
2026-05-05 07:08:27.000	monitor	track	[{"pose": 3, "area_id": 255, "track_id": 1, "bed_status": 0, "position_x": 70, "position_y": 20, "position_z": 0, "track_count": 2, "remaining_time": 0, "track_confidence": 80}]
2026-05-05 07:08:27.000	monitor	track	[{"pose": 4, "area_id": 2, "track_id": 0, "bed_status": 0, "position_x": -120, "position_y": 0, "position_z": 0, "track_count": 2, "remaining_time": 0, "track_confidence": 80}]
2026-05-05 07:08:27.000	monitor	track	[{"pose": 3, "event": 2, "area_id": 2, "track_id": 1, "bed_status": 0, "position_x": 70, "position_y": 20, "position_z": 0, "track_count": 2, "remaining_time": 0, "track_confidence": 80}]
2026-05-05 07:08:27.000	event	ExitRoom	[{"event_since": 1777936107342, "event_status": "start"}]
2026-05-05 07:08:28.000	event	number_people	[{"track_id": 10, "event_since": 1777936108058, "event_status": "start", "number_people": 1}]
2026-05-05 07:08:28.000	monitor	track	[{"pose": 4, "area_id": 2, "track_id": 0, "bed_status": 0, "position_x": -120, "position_y": 0, "position_z": 0, "remaining_time": 0, "track_confidence": 80}]
2026-05-05 07:08:29.000	monitor	track	[{"pose": 4, "area_id": 2, "track_id": 0, "bed_status": 0, "position_x": -120, "position_y": 0, "position_z": 0, "remaining_time": 0, "track_confidence": 80}]
2026-05-05 07:08:30.000	monitor	track	[{"pose": 4, "area_id": 2, "track_id": 0, "bed_status": 0, "position_x": -120, "position_y": 0, "position_z": 0, "remaining_time": 0, "track_confidence": 80}]
2026-05-05 07:08:31.000	monitor	track	[{"pose": 4, "area_id": 2, "track_id": 0, "bed_status": 0, "position_x": -120, "position_y": 0, "position_z": 0, "remaining_time": 0, "track_confidence": 80}]
2026-05-05 07:08:32.000	monitor	track	[{"pose": 4, "area_id": 2, "track_id": 0, "bed_status": 0, "position_x": -120, "position_y": 0, "position_z": 0, "remaining_time": 0, "track_confidence": 80}]
2026-05-05 07:08:33.000	monitor	track	[{"pose": 4, "area_id": 2, "track_id": 0, "bed_status": 0, "position_x": -120, "position_y": 0, "position_z": 0, "remaining_time": 0, "track_confidence": 80}]
2026-05-05 07:08:34.000	monitor	track	[{"pose": 4, "area_id": 2, "track_id": 0, "bed_status": 0, "position_x": -120, "position_y": 0, "position_z": 0, "remaining_time": 0, "track_confidence": 80}]
2026-05-05 07:08:34.000	monitor	track	[{"pose": 4, "area_id": 2, "track_id": 0, "bed_status": 0, "position_x": -120, "position_y": 0, "position_z": 0, "remaining_time": 0, "track_confidence": 80}]
2026-05-05 07:08:35.000	monitor	track	[{"pose": 4, "area_id": 2, "track_id": 0, "bed_status": 0, "position_x": -120, "position_y": 0, "position_z": 0, "remaining_time": 0, "track_confidence": 80}]
2026-05-05 07:08:36.000	monitor	track	[{"pose": 4, "area_id": 2, "track_id": 0, "bed_status": 0, "position_x": -120, "position_y": 0, "position_z": 0, "remaining_time": 0, "track_confidence": 80}]
2026-05-05 07:08:37.000	monitor	track	[{"pose": 4, "area_id": 2, "track_id": 0, "bed_status": 0, "position_x": -120, "position_y": 0, "position_z": 0, "remaining_time": 0, "track_confidence": 80}]
2026-05-05 07:08:39.000	event	number_people	[{"track_id": 10, "event_since": 1777936119117, "event_status": "start", "number_people": 0}]
2026-05-05 07:08:39.000	monitor	track	[{"area_id": 0, "track_id": 88, "bed_status": 0, "position_x": 0, "position_y": 0, "position_z": 0, "remaining_time": 0, "track_confidence": 80}]
2026-05-05 07:08:39.000	monitor	track	[{"area_id": 0, "track_id": 88, "bed_status": 0, "position_x": 0, "position_y": 0, "position_z": 0, "remaining_time": 0, "track_confidence": 80}]
2026-05-05 07:08:41.000	monitor	track	[{"area_id": 0, "track_id": 88, "bed_status": 0, "position_x": 0, "position_y": 0, "position_z": 0, "remaining_time": 0, "track_confidence": 80}]
2026-05-05 07:08:57.000	event	activity	[{"track_id": 9, "event_since": 1777936137814, "track_count": 0, "event_status": "instant", "lie_duration": 0, "walk_distance": 0, "walk_duration": 0, "stand_duration": 12, "multi_person_duration": 44}]
2026-05-05 07:08:57.000	monitor	heart	[{"track_id": 11, "track_confidence": 80}]
2026-05-05 07:08:58.000	monitor	track	[{"area_id": 0, "track_id": 88, "bed_status": 0, "position_x": 0, "position_y": 0, "position_z": 0, "remaining_time": 0, "track_confidence": 80}]
2026-05-05 07:09:29.000	monitor	track	[{"area_id": 0, "track_id": 88, "bed_status": 0, "position_x": 0, "position_y": 0, "position_z": 0, "remaining_time": 0, "track_confidence": 80}]
2026-05-05 07:10:01.000	event	activity	[{"track_id": 9, "event_since": 1777936201301, "track_count": 0, "event_status": "instant", "lie_duration": 0, "walk_distance": 0, "walk_duration": 0, "stand_duration": 0, "multi_person_duration": 0}]
2026-05-05 07:10:01.000	monitor	heart	[{"track_id": 11, "track_confidence": 80}]
2026-05-05 07:10:01.000	monitor	track	[{"area_id": 0, "track_id": 88, "bed_status": 0, "position_x": 0, "position_y": 0, "position_z": 0, "remaining_time": 0, "track_confidence": 80}]
2026-05-05 07:10:33.000	monitor	track	[{"area_id": 0, "track_id": 88, "bed_status": 0, "position_x": 0, "position_y": 0, "position_z": 0, "remaining_time": 0, "track_confidence": 80}]
2026-05-05 07:11:04.000	event	activity	[{"track_id": 9, "event_since": 1777936264854, "track_count": 0, "event_status": "instant", "lie_duration": 0, "walk_distance": 0, "walk_duration": 0, "stand_duration": 0, "multi_person_duration": 0}]
2026-05-05 07:11:04.000	monitor	heart	[{"track_id": 11, "track_confidence": 80}]
2026-05-05 07:11:05.000	monitor	track	[{"area_id": 0, "track_id": 88, "bed_status": 0, "position_x": 0, "position_y": 0, "position_z": 0, "remaining_time": 0, "track_confidence": 80}]
2026-05-05 07:11:36.000	monitor	track	[{"area_id": 0, "track_id": 88, "bed_status": 0, "position_x": 0, "position_y": 0, "position_z": 0, "remaining_time": 0, "track_confidence": 80}]
2026-05-05 07:12:08.000	event	activity	[{"track_id": 9, "event_since": 1777936328336, "track_count": 0, "event_status": "instant", "lie_duration": 0, "walk_distance": 0, "walk_duration": 0, "stand_duration": 0, "multi_person_duration": 0}]
2026-05-05 07:12:08.000	monitor	heart	[{"track_id": 11, "track_confidence": 80}]
2026-05-05 07:12:08.000	monitor	track	[{"area_id": 0, "track_id": 88, "bed_status": 0, "position_x": 0, "position_y": 0, "position_z": 0, "remaining_time": 0, "track_confidence": 80}]
2026-05-05 07:12:40.000	monitor	track	[{"area_id": 0, "track_id": 88, "bed_status": 0, "position_x": 0, "position_y": 0, "position_z": 0, "remaining_time": 0, "track_confidence": 80}]
2026-05-05 07:13:11.000	event	activity	[{"track_id": 9, "event_since": 1777936391825, "track_count": 0, "event_status": "instant", "lie_duration": 0, "walk_distance": 0, "walk_duration": 0, "stand_duration": 0, "multi_person_duration": 0}]
2026-05-05 07:13:11.000	monitor	heart	[{"track_id": 11, "track_confidence": 80}]
2026-05-05 07:13:12.000	monitor	track	[{"area_id": 0, "track_id": 88, "bed_status": 0, "position_x": 0, "position_y": 0, "position_z": 0, "remaining_time": 0, "track_confidence": 80}]
2026-05-05 07:13:43.000	event	activity	[{"track_id": 9, "event_since": 1777936423513, "track_count": 0, "event_status": "instant", "lie_duration": 0, "walk_distance": 0, "walk_duration": 0, "stand_duration": 0, "multi_person_duration": 0}]
2026-05-05 07:13:43.000	monitor	heart	[{"track_id": 11, "track_confidence": 80}]
2026-05-05 07:13:43.000	monitor	track	[{"area_id": 0, "track_id": 88, "bed_status": 0, "position_x": 0, "position_y": 0, "position_z": 0, "remaining_time": 0, "track_confidence": 80}]
2026-05-05 07:14:15.000	monitor	track	[{"area_id": 0, "track_id": 88, "bed_status": 0, "position_x": 0, "position_y": 0, "position_z": 0, "remaining_time": 0, "track_confidence": 80}]
2026-05-05 07:14:47.000	event	activity	[{"track_id": 9, "event_since": 1777936487068, "track_count": 0, "event_status": "instant", "lie_duration": 0, "walk_distance": 0, "walk_duration": 0, "stand_duration": 0, "multi_person_duration": 0}]
2026-05-05 07:14:47.000	alarm	Fall	[{"ts": 1777936487068, "reason": "lost_track", "source": "sensor.caregiver01", "evidence": {"context": "track_lost_no_exit_room_no_recovery", "wait_ms": 205000, "fall_score": 98, "last_verdict": 1, "spatial_jump": false, "cell_area_type": 4, "frozen_start_ms": 1777936074387}, "track_id": 0, "area_type": "sensing", "position_x": 0, "position_y": 30, "position_z": 0}]
2026-05-05 07:14:47.000	monitor	heart	[{"track_id": 11, "track_confidence": 80}]
2026-05-05 07:14:47.000	monitor	track	[{"area_id": 0, "track_id": 88, "bed_status": 0, "position_x": 0, "position_y": 0, "position_z": 0, "remaining_time": 0, "track_confidence": 80}]
(463 rows)
