time	room	lid	present	pose	x	y	z	still	p_real	p_fall	fire	SEmp	SBed	SSit	SOpn	SBth	SFal	SBlR	SBlO	SLft	real_ppl	pad_lid	pad_in	pad_absb	pad_unc
13:34:00.920	100	D52303400920	True		-40	500		0	0.5	0	False	0.85	0.03	0.00	0.08	0.00	0.00	0.00	0.00	0.04	1				
13:34:01.817	100	D52303400920	True		-40	500		0	0.5088900181059163	0.0004295453660056881	False	0.82	0.04	0.01	0.10	0.01	0.00	0.00	0.01	0.01	1				
13:34:02.810	100	D52303400920	True		-40	500		1	0.5185472486325399	0.0010984423542577477	False	0.76	0.04	0.03	0.11	0.02	0.00	0.01	0.02	0.01	1				
13:34:03.809	100	D52303400920	True		-48	508		2	0.5280712133683809	0.0019896690784089698	False	0.71	0.05	0.04	0.12	0.03	0.00	0.01	0.03	0.01	1				
13:34:04.816	100	D52303400920	True		-51	519		3	0.537480786671186	0.0030798121271239805	False	0.66	0.05	0.04	0.13	0.04	0.00	0.02	0.04	0.01	1				
13:34:05.869	100	D52303400920	True		-34	505		4	0.5471195884705706	0.004347149897483372	False	0.62	0.06	0.05	0.14	0.04	0.00	0.03	0.05	0.01	1				
13:34:06.857	100	D52303400920	True		-28	499		5	1	0.005772216827527193	False	0.58	0.06	0.06	0.14	0.05	0.01	0.04	0.06	0.01	1				
13:34:07.871	100	D52303400920	True		-28	499		6	1	0.007337486445325331	False	0.54	0.07	0.06	0.14	0.05	0.01	0.04	0.07	0.01	1				
13:34:08.765	100	D52303400920	True		-29	499		7	1	0.009027076478921243	False	0.51	0.07	0.06	0.15	0.05	0.01	0.05	0.08	0.02	1				
13:34:09.769	100	D52303400920	True		-30	500		8	1	0.010826542142411497	False	0.49	0.07	0.07	0.15	0.06	0.01	0.06	0.09	0.02	1				
13:34:10.761	100	D52303400920	True		-30	500		9	1	0.012722727724649873	False	0.46	0.08	0.07	0.15	0.06	0.01	0.06	0.10	0.02	1				
13:34:11.785	100	D52303400920	True		-30	500		10	1	0.014703650876777836	False	0.44	0.08	0.07	0.15	0.06	0.01	0.07	0.10	0.02	1				
13:34:12.805	100	D52303400920	True		-30	500		11	1	0.016758405018348216	False	0.42	0.08	0.07	0.15	0.06	0.02	0.07	0.11	0.02	1				
13:34:13.665	300	-																			0				
13:34:15.154	100	D52303400920	True		-40	500		14	1	0.01887707243728161	False	0.40	0.08	0.07	0.15	0.06	0.02	0.08	0.12	0.02	1				
13:34:15.156	100	D52303400920	True		-40	500		14	1	0.02105064454366084	False	0.38	0.09	0.07	0.15	0.07	0.02	0.08	0.12	0.02	1				
13:34:15.759	100	D52303400920	True		-41	500		14	1	0.02327094769428604	False	0.36	0.09	0.07	0.15	0.07	0.02	0.09	0.13	0.02	1				
13:34:16.760	100	D52303400920	True		-41	500		15	1	0.02553057392588261	False	0.35	0.09	0.07	0.15	0.07	0.03	0.09	0.13	0.02	1				
13:34:17.761	100	D52303400920	True		-40	500		16	1	0.027822816326135525	False	0.34	0.09	0.07	0.15	0.07	0.03	0.10	0.14	0.02	1				
13:34:18.767	100	D52303400920	True		-40	500		17	1	0.03014160890603091	False	0.33	0.09	0.07	0.15	0.07	0.03	0.10	0.14	0.02	1				
13:34:19.765	100	D52303400920	True		-40	500		18	1	0.03248147085636911	False	0.31	0.10	0.07	0.15	0.07	0.03	0.10	0.14	0.02	1				
13:34:20.660	100	D52303400920	True		-32	492		19	1	0.03483745504697448	False	0.30	0.10	0.07	0.16	0.07	0.03	0.10	0.15	0.02	1				
13:34:21.658	100	D52303400920	True		-13	457		0	1	0.03720510059275389	False	0.30	0.10	0.07	0.16	0.07	0.04	0.11	0.15	0.02	1				
13:34:22.663	100	D52303400920	True		-7	454		0	1	0.039580389280725686	False	0.29	0.10	0.07	0.15	0.07	0.04	0.11	0.15	0.02	1				
13:34:23.661	100	D52303400920	True		-8	457		0	1	0.04195970563128234	False	0.28	0.10	0.07	0.15	0.07	0.04	0.11	0.15	0.02	1				
13:34:24.662	100	D52303400920	True		-34	427		0	1	0.04433980035569134	False	0.27	0.10	0.07	0.15	0.07	0.04	0.11	0.15	0.02	1				
13:34:25.662	100	D52303400920	True		-83	384		0	1	0.04671775696880772	False	0.27	0.10	0.07	0.15	0.07	0.05	0.12	0.16	0.02	1				
13:34:26.663	100	D52303400920	True		-97	374		0	1	0.04909096131929546	False	0.26	0.10	0.07	0.15	0.07	0.05	0.12	0.16	0.02	1				
13:34:27.667	100	D52303400920	True		-95	376		0	1	0.05145707380751331	False	0.25	0.10	0.07	0.15	0.07	0.05	0.12	0.16	0.02	1				
13:34:28.666	100	D52303400920	True		-91	387		0	1	0.05381400407207807	False	0.25	0.10	0.07	0.15	0.07	0.05	0.12	0.16	0.02	1				
13:34:29.678	100	D52303400920	True		-90	391		0	1	0.056159887938774286	False	0.25	0.10	0.07	0.15	0.07	0.06	0.12	0.16	0.02	1				
13:34:30.668	100	D52303400920	True		-90	391		0	1	0.058493066439032106	False	0.24	0.10	0.07	0.15	0.07	0.06	0.12	0.16	0.02	1				
13:34:31.568	100	D52303400920	True		-90	390		0	1	0.060812066719008816	False	0.24	0.10	0.07	0.15	0.08	0.06	0.12	0.16	0.02	1				
13:34:32.568	100	D52303400920	True		-90	390		0	1	0.06311558467393652	False	0.23	0.10	0.07	0.15	0.08	0.06	0.12	0.16	0.02	1				
13:34:33.570	100	D52303400920	True		-90	390		0	1	0.06540246915555809	False	0.23	0.10	0.07	0.15	0.08	0.07	0.12	0.16	0.02	1				
13:34:34.572	100	D52303400920	True		-90	390		0	1	0.06767170761297564	False	0.23	0.10	0.07	0.15	0.08	0.07	0.12	0.16	0.02	1				
13:34:35.571	100	D52303400920	True		-90	390		0	1	0.06992241303899353	False	0.22	0.10	0.07	0.15	0.08	0.07	0.13	0.16	0.02	1				
13:34:36.575	100	D52303400920	True		-90	390		0	1	0.07215381210499261	False	0.22	0.10	0.06	0.15	0.08	0.07	0.13	0.17	0.02	1				
13:34:37.520	100	D52303400920	True		-90	390		0	1	0.0743652343775264	False	0.22	0.10	0.06	0.15	0.08	0.07	0.13	0.17	0.02	1				
13:34:38.525	100	D52303400920	True		-90	390		0	1	0.07655610251919619	False	0.22	0.11	0.06	0.15	0.08	0.08	0.13	0.17	0.02	1				
13:34:39.526	100	D52303400920	True		-90	390		0	1	0.07872592338496878	False	0.21	0.11	0.06	0.15	0.08	0.08	0.13	0.17	0.02	1				
13:34:40.535	100	D52303400920	True		-90	390		0	1	0.08087427993299673	False	0.21	0.11	0.06	0.15	0.08	0.08	0.13	0.17	0.02	1				
13:34:40.573	100	D52303400920	True		-90	390		0	1	0.08300082387622203	False	0.21	0.11	0.06	0.15	0.08	0.08	0.13	0.17	0.02	1				
13:34:41.527	100	D52303400920	True		-90	390		0	1	0.08510526900764875	False	0.21	0.11	0.06	0.15	0.08	0.09	0.13	0.17	0.02	1				
13:34:42.534	100	D52303400920	True		-90	390		0	1	0.08718738513819374	False	0.21	0.11	0.06	0.15	0.08	0.09	0.13	0.17	0.02	1				
13:34:43.525	100	D52303400920	True		-90	390		0	1	0.08924699259152097	False	0.21	0.10	0.06	0.15	0.08	0.09	0.13	0.17	0.02	1				
13:34:44.528	100	D52303400920	True		-90	390		0	1	0.09128395720527689	False	0.20	0.10	0.06	0.15	0.08	0.09	0.13	0.17	0.02	1				
13:34:45.341	300	-																			0				
13:34:45.534	300	-																			0				
13:34:45.536	100	D52303400920	True		-90	390		0	1	0.0932981857927051	False	0.20	0.10	0.06	0.15	0.08	0.09	0.13	0.17	0.02	1				
13:34:46.529	100	D52303400920	True		-90	390		0	1	0.0952896220227782	False	0.20	0.10	0.06	0.15	0.08	0.10	0.13	0.17	0.02	1				
13:34:47.535	100	D52303400920	True		-90	390		0	1	0.09725824268076842	False	0.20	0.10	0.06	0.15	0.07	0.10	0.13	0.17	0.02	1				
13:34:48.533	100	D52303400920	True		-90	390		0	1	0.09920405427462388	False	0.20	0.10	0.06	0.15	0.07	0.10	0.13	0.17	0.02	1				
13:34:49.429	100	D52303400920	True		-90	390		0	1	0.10112708995565203	False	0.20	0.10	0.06	0.15	0.07	0.10	0.13	0.17	0.02	1				
13:34:50.424	100	D52303400920	True		-90	390		0	1	0.10302740672486724	False	0.20	0.10	0.06	0.15	0.07	0.10	0.13	0.17	0.02	1				
13:34:51.425	100	D52303400920	True		-90	390		0	1	0.10490508289895407	False	0.20	0.10	0.06	0.15	0.07	0.10	0.13	0.17	0.02	1				
13:34:52.429	100	D52303400920	True		-90	390		27	1	0.10676021581216043	False	0.20	0.10	0.06	0.15	0.07	0.11	0.13	0.16	0.02	1				
13:34:53.444	100	D52303400920	True		-90	390		28	1	0.10859291973258418	False	0.20	0.10	0.06	0.15	0.07	0.11	0.13	0.16	0.02	1				
13:34:54.482	100	D52303400920	True		-90	390		29	1	0.11040332397327116	False	0.19	0.10	0.06	0.15	0.07	0.11	0.13	0.16	0.02	1				
13:34:55.376	100	D52303400920	True		-90	390		30	1	0.11219157118032111	False	0.19	0.10	0.06	0.15	0.07	0.11	0.13	0.16	0.02	1				
13:34:56.376	100	D52303400920	True		-90	390		31	1	0.11395781578181502	False	0.19	0.10	0.06	0.15	0.07	0.11	0.13	0.16	0.02	1				
13:34:57.379	100	D52303400920	True		-90	390		32	1	0.11570222258284996	False	0.19	0.10	0.06	0.15	0.07	0.12	0.13	0.16	0.02	1				
13:34:58.396	100	D52303400920	True		-90	390		33	1	0.11742496549330209	False	0.19	0.10	0.06	0.15	0.07	0.12	0.13	0.16	0.02	1				
13:34:59.386	100	D52303400920	True		-90	390		34	1	0.11912622637615959	False	0.19	0.10	0.06	0.15	0.07	0.12	0.13	0.16	0.02	1				
13:35:00.382	100	D52303400920	True		-90	390		35	1	0.12080619400537063	False	0.19	0.10	0.06	0.15	0.07	0.12	0.13	0.16	0.02	1				
13:35:01.382	100	D52303400920	True		-90	390		36	1	0.12246506312315848	False	0.19	0.10	0.06	0.15	0.07	0.12	0.13	0.16	0.02	1				
13:35:02.388	100	D52303400920	True		-90	390		37	1	0.12410303358767201	False	0.19	0.10	0.06	0.14	0.07	0.12	0.13	0.16	0.02	1				
13:35:03.386	100	D52303400920	True		-90	390		38	1	0.12572030960266978	False	0.19	0.10	0.06	0.14	0.07	0.13	0.13	0.16	0.02	1				
13:35:04.384	100	D52303400920	True		-90	390		39	1	0.12731709902169447	False	0.19	0.10	0.06	0.14	0.07	0.13	0.13	0.16	0.02	1				
13:35:05.387	100	D52303400920	True		-90	390		40	1	0.12889361271988048	False	0.19	0.10	0.06	0.14	0.07	0.13	0.13	0.16	0.02	1				
13:35:06.445	100	D52303400920	True		-90	390		41	1	0.130450064027164	False	0.19	0.10	0.06	0.14	0.07	0.13	0.13	0.16	0.02	1				
13:35:07.278	100	D52303400920	False		-90	390		42	1	0.13198666821723282	False	0.19	0.10	0.06	0.14	0.07	0.13	0.12	0.16	0.02	0				
13:35:08.280	100	D52303400920	False		-90	390		43	1	0.13350364204707058	False	0.19	0.10	0.06	0.14	0.07	0.13	0.12	0.16	0.02	0				
13:35:10.298	100	D52303400920	False		-90	390		45	1	0.13500120334241789	False	0.19	0.10	0.06	0.14	0.07	0.14	0.12	0.16	0.02	0				
13:35:17.048	300	-																			0				
13:35:42.010	100	D52303400920	False		-90	390		77	1	0.13647957062490434	False	0.19	0.10	0.06	0.14	0.07	0.14	0.12	0.16	0.02	0				
13:35:42.096	100	D52303400920	False		-90	390		77	1	0.13793896277698825	False	0.19	0.10	0.06	0.14	0.07	0.14	0.12	0.16	0.02	0				
13:35:48.892	300	-																			0				
13:35:49.106	300	-																			0				
13:36:13.809	100	D52303400920	False		-90	390		109	1	0.1393795987411978	False	0.18	0.10	0.06	0.14	0.07	0.14	0.12	0.16	0.02	0				
13:36:19.099	200	sleepad-bed	True		0	0		0	1	0	False	0.74	0.15	0.00	0.07	0.00	0.00	0.00	0.00	0.04	2	1903S010	True		True
13:36:19.099	200	sleepad-bed	True		0	0		0	1	0	False	0.42	0.53	0.00	0.04	0.00	0.00	0.00	0.00	0.02	2	1903S010	True		True
13:36:19.100	200	sleepad-bed	True		0	0		0	1	7.811614907499739e-05	False	0.13	0.82	0.00	0.03	0.00	0.00	0.02	0.00	0.00	2	1903S010	True		True
13:36:20.540	300	-																			0				
13:36:45.498	100	D52303400920	False		-90	390		140	1	0.1408016972473434	False	0.18	0.10	0.06	0.14	0.07	0.14	0.12	0.16	0.02	0				
13:36:45.633	100	D52303400920	False		-90	390		140	1	0.14220547658055882	False	0.18	0.10	0.06	0.14	0.07	0.14	0.12	0.16	0.02	0				
13:36:52.720	300	-																			0				
13:36:52.722	300	-																			0				
