1777837920966|13:52:00.000|monitor|track|[{"pose": 4, "area_id": 3, "track_id": 0, "bed_status": 0, "position_x": -190, "position_y": 500, "position_z": 0, "remaining_time": 0, "track_confidence": 80}]
1777837921929|13:52:01.000|monitor|track|[{"pose": 4, "area_id": 3, "track_id": 0, "bed_status": 0, "position_x": -200, "position_y": 500, "position_z": 0, "remaining_time": 0, "track_confidence": 80}]
1777837922924|13:52:02.000|monitor|track|[{"pose": 4, "area_id": 3, "track_id": 0, "bed_status": 0, "position_x": -200, "position_y": 500, "position_z": 0, "remaining_time": 0, "track_confidence": 80}]
1777837923924|13:52:03.000|monitor|track|[{"pose": 4, "area_id": 3, "track_id": 0, "bed_status": 0, "position_x": -200, "position_y": 500, "position_z": 0, "remaining_time": 0, "track_confidence": 80}]
1777837924926|13:52:04.000|monitor|track|[{"pose": 4, "area_id": 3, "track_id": 0, "bed_status": 0, "position_x": -200, "position_y": 500, "position_z": 0, "remaining_time": 0, "track_confidence": 80}]
1777837925928|13:52:05.000|monitor|track|[{"pose": 4, "area_id": 3, "track_id": 0, "bed_status": 0, "position_x": -200, "position_y": 510, "position_z": 67, "remaining_time": 0, "track_confidence": 80}]
1777837926935|13:52:06.000|monitor|track|[{"pose": 4, "area_id": 3, "track_id": 0, "bed_status": 0, "position_x": -220, "position_y": 500, "position_z": 85, "remaining_time": 0, "track_confidence": 80}]
1777837927930|13:52:07.000|monitor|track|[{"pose": 4, "area_id": 3, "track_id": 0, "bed_status": 0, "position_x": -210, "position_y": 510, "position_z": 56, "remaining_time": 0, "track_confidence": 80}]
1777837928932|13:52:08.000|monitor|track|[{"pose": 4, "area_id": 3, "track_id": 0, "bed_status": 0, "position_x": -190, "position_y": 500, "position_z": 44, "remaining_time": 0, "track_confidence": 80}]
1777837929932|13:52:09.000|monitor|track|[{"pose": 4, "area_id": 3, "track_id": 0, "bed_status": 0, "position_x": -210, "position_y": 470, "position_z": 78, "remaining_time": 0, "track_confidence": 80}]
1777837930826|13:52:10.000|monitor|track|[{"pose": 4, "area_id": 3, "track_id": 0, "bed_status": 0, "position_x": -230, "position_y": 440, "position_z": 70, "remaining_time": 0, "track_confidence": 80}]
1777837931829|13:52:11.000|monitor|track|[{"pose": 4, "area_id": 3, "track_id": 0, "bed_status": 0, "position_x": -280, "position_y": 440, "position_z": 103, "remaining_time": 0, "track_confidence": 80}]
1777837932828|13:52:12.000|monitor|track|[{"pose": 4, "area_id": 3, "track_id": 0, "bed_status": 0, "position_x": -310, "position_y": 460, "position_z": 78, "remaining_time": 0, "track_confidence": 80}]
1777837933831|13:52:13.000|monitor|track|[{"pose": 1, "area_id": 3, "track_id": 0, "bed_status": 0, "position_x": -300, "position_y": 530, "position_z": 121, "remaining_time": 0, "track_confidence": 80}]
1777837934832|13:52:14.000|monitor|track|[{"pose": 1, "area_id": 3, "track_id": 0, "bed_status": 0, "position_x": -290, "position_y": 500, "position_z": 86, "remaining_time": 0, "track_confidence": 80}]
1777837935872|13:52:15.000|monitor|track|[{"pose": 1, "area_id": 3, "track_id": 0, "bed_status": 0, "position_x": -300, "position_y": 450, "position_z": 76, "remaining_time": 0, "track_confidence": 80}]
1777837936870|13:52:16.000|monitor|track|[{"pose": 1, "area_id": 3, "track_id": 0, "bed_status": 0, "position_x": -300, "position_y": 480, "position_z": 87, "remaining_time": 0, "track_confidence": 80}]
1777837937780|13:52:17.000|monitor|track|[{"pose": 1, "area_id": 3, "track_id": 0, "bed_status": 0, "position_x": -300, "position_y": 520, "position_z": 0, "remaining_time": 0, "track_confidence": 80}]
1777837938769|13:52:18.000|monitor|track|[{"pose": 1, "area_id": 3, "track_id": 0, "bed_status": 0, "position_x": -300, "position_y": 510, "position_z": 87, "remaining_time": 0, "track_confidence": 80}]
1777837939770|13:52:19.000|monitor|track|[{"pose": 4, "area_id": 3, "track_id": 0, "bed_status": 0, "position_x": -280, "position_y": 510, "position_z": 0, "remaining_time": 0, "track_confidence": 80}]
1777837940781|13:52:20.000|monitor|track|[{"pose": 4, "area_id": 3, "track_id": 0, "bed_status": 0, "position_x": -280, "position_y": 570, "position_z": 0, "remaining_time": 0, "track_confidence": 80}]
1777837941780|13:52:21.000|monitor|track|[{"pose": 4, "area_id": 3, "track_id": 0, "bed_status": 0, "position_x": -280, "position_y": 570, "position_z": 0, "remaining_time": 0, "track_confidence": 80}]
1777837942772|13:52:22.000|monitor|track|[{"pose": 4, "area_id": 3, "track_id": 0, "bed_status": 0, "position_x": -300, "position_y": 530, "position_z": 93, "remaining_time": 0, "track_confidence": 80}]
1777837943774|13:52:23.000|monitor|track|[{"pose": 4, "area_id": 3, "track_id": 0, "bed_status": 0, "position_x": -280, "position_y": 540, "position_z": 108, "remaining_time": 0, "track_confidence": 80}]
1777837944776|13:52:24.000|monitor|track|[{"pose": 4, "area_id": 3, "track_id": 0, "bed_status": 0, "position_x": -290, "position_y": 510, "position_z": 0, "remaining_time": 0, "track_confidence": 80}]
1777837945775|13:52:25.000|monitor|track|[{"pose": 4, "area_id": 3, "track_id": 0, "bed_status": 0, "position_x": -250, "position_y": 510, "position_z": 0, "remaining_time": 0, "track_confidence": 80}]
1777837946777|13:52:26.000|monitor|track|[{"pose": 4, "area_id": 3, "track_id": 0, "bed_status": 0, "position_x": -260, "position_y": 580, "position_z": 0, "remaining_time": 0, "track_confidence": 80}]
1777837947781|13:52:27.000|monitor|track|[{"pose": 4, "area_id": 3, "track_id": 0, "bed_status": 0, "position_x": -250, "position_y": 510, "position_z": 0, "remaining_time": 0, "track_confidence": 80}]
1777837948782|13:52:28.000|monitor|track|[{"pose": 4, "area_id": 3, "track_id": 0, "bed_status": 0, "position_x": -260, "position_y": 500, "position_z": 0, "remaining_time": 0, "track_confidence": 80}]
1777837949673|13:52:29.000|monitor|track|[{"pose": 4, "area_id": 3, "track_id": 0, "bed_status": 0, "position_x": -260, "position_y": 500, "position_z": 0, "remaining_time": 0, "track_confidence": 80}]
1777837950672|13:52:30.000|monitor|track|[{"pose": 4, "area_id": 3, "track_id": 0, "bed_status": 0, "position_x": -260, "position_y": 500, "position_z": 0, "remaining_time": 0, "track_confidence": 80}]
1777837951678|13:52:31.000|monitor|track|[{"pose": 4, "area_id": 3, "track_id": 0, "bed_status": 0, "position_x": -260, "position_y": 500, "position_z": 0, "remaining_time": 0, "track_confidence": 80}]
1777837952675|13:52:32.000|monitor|track|[{"pose": 4, "area_id": 3, "track_id": 0, "bed_status": 0, "position_x": -260, "position_y": 500, "position_z": 0, "remaining_time": 0, "track_confidence": 80}]
1777837953676|13:52:33.000|monitor|track|[{"pose": 4, "area_id": 3, "track_id": 0, "bed_status": 0, "position_x": -260, "position_y": 500, "position_z": 0, "remaining_time": 0, "track_confidence": 80}]
1777837954700|13:52:34.000|monitor|track|[{"pose": 4, "area_id": 3, "track_id": 0, "bed_status": 0, "position_x": -260, "position_y": 500, "position_z": 0, "remaining_time": 0, "track_confidence": 80}]
1777837955687|13:52:35.000|monitor|track|[{"pose": 4, "area_id": 3, "track_id": 0, "bed_status": 0, "position_x": -260, "position_y": 500, "position_z": 0, "remaining_time": 0, "track_confidence": 80}]
1777837956686|13:52:36.000|event|activity|[{"track_id": 9, "event_since": 1777837956686, "track_count": 1, "event_status": "instant", "lie_duration": 0, "walk_distance": 5, "walk_duration": 19, "stand_duration": 41, "multi_person_duration": 0}]
1777837956686|13:52:36.000|monitor|heart|[{"track_id": 11, "bed_status": 0, "track_confidence": 80}]
1777837956729|13:52:36.000|monitor|track|[{"pose": 4, "area_id": 3, "track_id": 0, "bed_status": 0, "position_x": -260, "position_y": 500, "position_z": 0, "remaining_time": 0, "track_confidence": 80}]
1777837957688|13:52:37.000|monitor|track|[{"pose": 4, "area_id": 3, "track_id": 0, "bed_status": 0, "position_x": -260, "position_y": 500, "position_z": 0, "remaining_time": 0, "track_confidence": 80}]
1777837958689|13:52:38.000|monitor|track|[{"pose": 4, "area_id": 3, "track_id": 0, "bed_status": 0, "position_x": -260, "position_y": 500, "position_z": 0, "remaining_time": 0, "track_confidence": 80}]
1777837959689|13:52:39.000|monitor|track|[{"pose": 4, "area_id": 3, "track_id": 0, "bed_status": 0, "position_x": -260, "position_y": 500, "position_z": 0, "remaining_time": 0, "track_confidence": 80}]
1777837960584|13:52:40.000|monitor|track|[{"pose": 4, "area_id": 3, "track_id": 0, "bed_status": 0, "position_x": -260, "position_y": 500, "position_z": 0, "remaining_time": 0, "track_confidence": 80}]
1777837961596|13:52:41.000|monitor|track|[{"pose": 4, "area_id": 3, "track_id": 0, "bed_status": 0, "position_x": -260, "position_y": 500, "position_z": 0, "remaining_time": 0, "track_confidence": 80}]
1777837962585|13:52:42.000|monitor|track|[{"pose": 4, "area_id": 3, "track_id": 0, "bed_status": 0, "position_x": -260, "position_y": 500, "position_z": 0, "remaining_time": 0, "track_confidence": 80}]
1777837963589|13:52:43.000|monitor|track|[{"pose": 4, "area_id": 3, "track_id": 0, "bed_status": 0, "position_x": -260, "position_y": 500, "position_z": 0, "remaining_time": 0, "track_confidence": 80}]
1777837964588|13:52:44.000|monitor|track|[{"pose": 4, "area_id": 3, "track_id": 0, "bed_status": 0, "position_x": -260, "position_y": 500, "position_z": 0, "remaining_time": 0, "track_confidence": 80}]
1777837965590|13:52:45.000|monitor|track|[{"pose": 4, "area_id": 3, "track_id": 0, "bed_status": 0, "position_x": -260, "position_y": 500, "position_z": 0, "remaining_time": 0, "track_confidence": 80}]
1777837966599|13:52:46.000|monitor|track|[{"pose": 4, "area_id": 3, "track_id": 0, "bed_status": 0, "position_x": -260, "position_y": 500, "position_z": 0, "remaining_time": 0, "track_confidence": 80}]
1777837967530|13:52:47.000|monitor|track|[{"pose": 4, "area_id": 3, "track_id": 0, "bed_status": 0, "position_x": -280, "position_y": 530, "position_z": 104, "remaining_time": 0, "track_confidence": 80}]
1777837968535|13:52:48.000|monitor|track|[{"pose": 4, "area_id": 3, "track_id": 0, "bed_status": 0, "position_x": -310, "position_y": 500, "position_z": 69, "remaining_time": 0, "track_confidence": 80}]
1777837969540|13:52:49.000|monitor|track|[{"pose": 4, "area_id": 3, "track_id": 0, "bed_status": 0, "position_x": -310, "position_y": 580, "position_z": 0, "remaining_time": 0, "track_confidence": 80}]
1777837970535|13:52:50.000|monitor|track|[{"pose": 4, "area_id": 3, "track_id": 0, "bed_status": 0, "position_x": -310, "position_y": 600, "position_z": 0, "remaining_time": 0, "track_confidence": 80}]
1777837971534|13:52:51.000|monitor|track|[{"pose": 4, "area_id": 3, "track_id": 0, "bed_status": 0, "position_x": -310, "position_y": 600, "position_z": 0, "remaining_time": 0, "track_confidence": 80}]
1777837972536|13:52:52.000|monitor|track|[{"pose": 4, "area_id": 3, "track_id": 0, "bed_status": 0, "position_x": -310, "position_y": 550, "position_z": 0, "remaining_time": 0, "track_confidence": 80}]
1777837973538|13:52:53.000|monitor|track|[{"pose": 4, "area_id": 3, "track_id": 0, "bed_status": 0, "position_x": -330, "position_y": 470, "position_z": 0, "remaining_time": 0, "track_confidence": 80}]
1777837974540|13:52:54.000|monitor|track|[{"pose": 4, "area_id": 3, "track_id": 0, "bed_status": 0, "position_x": -330, "position_y": 480, "position_z": 0, "remaining_time": 0, "track_confidence": 80}]
1777837975540|13:52:55.000|monitor|track|[{"pose": 4, "area_id": 3, "track_id": 0, "bed_status": 0, "position_x": -340, "position_y": 520, "position_z": 91, "remaining_time": 0, "track_confidence": 80}]
1777837976545|13:52:56.000|monitor|track|[{"pose": 4, "area_id": 3, "track_id": 0, "bed_status": 0, "position_x": -370, "position_y": 480, "position_z": 99, "remaining_time": 0, "track_confidence": 80}]
1777837977540|13:52:57.000|monitor|track|[{"pose": 1, "area_id": 3, "track_id": 0, "bed_status": 0, "position_x": -430, "position_y": 490, "position_z": 106, "remaining_time": 0, "track_confidence": 80}]
1777837978443|13:52:58.000|monitor|track|[{"pose": 1, "area_id": 3, "track_id": 0, "bed_status": 0, "position_x": -430, "position_y": 490, "position_z": 120, "remaining_time": 0, "track_confidence": 80}]
1777837979446|13:52:59.000|monitor|track|[{"pose": 1, "area_id": 3, "track_id": 0, "bed_status": 0, "position_x": -440, "position_y": 480, "position_z": 114, "remaining_time": 0, "track_confidence": 80}]
1777837980444|13:53:00.000|monitor|track|[{"pose": 1, "area_id": 3, "track_id": 0, "bed_status": 0, "position_x": -390, "position_y": 470, "position_z": 0, "remaining_time": 0, "track_confidence": 80}]
1777837981449|13:53:01.000|monitor|track|[{"pose": 1, "area_id": 3, "track_id": 0, "bed_status": 0, "position_x": -370, "position_y": 450, "position_z": 0, "remaining_time": 0, "track_confidence": 80}]
1777837982453|13:53:02.000|monitor|track|[{"pose": 1, "area_id": 3, "track_id": 0, "bed_status": 0, "position_x": -350, "position_y": 450, "position_z": 0, "remaining_time": 0, "track_confidence": 80}]
1777837983505|13:53:03.000|monitor|track|[{"pose": 4, "area_id": 3, "track_id": 0, "bed_status": 0, "position_x": -360, "position_y": 440, "position_z": 0, "remaining_time": 0, "track_confidence": 80}]
1777837984397|13:53:04.000|monitor|track|[{"pose": 4, "area_id": 3, "track_id": 0, "bed_status": 0, "position_x": -370, "position_y": 440, "position_z": 0, "remaining_time": 0, "track_confidence": 80}]
1777837985392|13:53:05.000|monitor|track|[{"pose": 4, "area_id": 3, "track_id": 0, "bed_status": 0, "position_x": -370, "position_y": 440, "position_z": 0, "remaining_time": 0, "track_confidence": 80}]
1777837986403|13:53:06.000|monitor|track|[{"pose": 4, "area_id": 3, "track_id": 0, "bed_status": 0, "position_x": -370, "position_y": 440, "position_z": 0, "remaining_time": 0, "track_confidence": 80}]
1777837987396|13:53:07.000|monitor|track|[{"pose": 4, "area_id": 3, "track_id": 0, "bed_status": 0, "position_x": -370, "position_y": 440, "position_z": 0, "remaining_time": 0, "track_confidence": 80}]
1777837988394|13:53:08.000|monitor|track|[{"pose": 4, "area_id": 3, "track_id": 0, "bed_status": 0, "position_x": -370, "position_y": 440, "position_z": 0, "remaining_time": 0, "track_confidence": 80}]
1777837989395|13:53:09.000|monitor|track|[{"pose": 4, "area_id": 3, "track_id": 0, "bed_status": 0, "position_x": -370, "position_y": 440, "position_z": 0, "remaining_time": 0, "track_confidence": 80}]
1777837990404|13:53:10.000|monitor|track|[{"pose": 4, "area_id": 3, "track_id": 0, "bed_status": 0, "position_x": -370, "position_y": 440, "position_z": 0, "remaining_time": 0, "track_confidence": 80}]
1777837991397|13:53:11.000|monitor|track|[{"pose": 4, "area_id": 3, "track_id": 0, "bed_status": 0, "position_x": -370, "position_y": 440, "position_z": 0, "remaining_time": 0, "track_confidence": 80}]
1777837992408|13:53:12.000|monitor|track|[{"pose": 4, "area_id": 3, "track_id": 0, "bed_status": 0, "position_x": -370, "position_y": 440, "position_z": 0, "remaining_time": 0, "track_confidence": 80}]
1777837993406|13:53:13.000|monitor|track|[{"pose": 4, "area_id": 3, "track_id": 0, "bed_status": 0, "position_x": -370, "position_y": 440, "position_z": 0, "remaining_time": 0, "track_confidence": 80}]
1777837994401|13:53:14.000|monitor|track|[{"pose": 4, "area_id": 3, "track_id": 0, "bed_status": 0, "position_x": -370, "position_y": 440, "position_z": 0, "remaining_time": 0, "track_confidence": 80}]
1777837995402|13:53:15.000|monitor|track|[{"pose": 4, "area_id": 3, "track_id": 0, "bed_status": 0, "position_x": -370, "position_y": 440, "position_z": 0, "remaining_time": 0, "track_confidence": 80}]
1777837996296|13:53:16.000|monitor|track|[{"pose": 4, "area_id": 3, "track_id": 0, "bed_status": 0, "position_x": -370, "position_y": 440, "position_z": 0, "remaining_time": 0, "track_confidence": 80}]
1777837997297|13:53:17.000|monitor|track|[{"pose": 4, "area_id": 3, "track_id": 0, "bed_status": 0, "position_x": -370, "position_y": 440, "position_z": 0, "remaining_time": 0, "track_confidence": 80}]
1777837998296|13:53:18.000|monitor|track|[{"pose": 4, "area_id": 3, "track_id": 0, "bed_status": 0, "position_x": -370, "position_y": 440, "position_z": 0, "remaining_time": 0, "track_confidence": 80}]
1777837999302|13:53:19.000|monitor|track|[{"pose": 4, "area_id": 3, "track_id": 0, "bed_status": 0, "position_x": -370, "position_y": 440, "position_z": 0, "remaining_time": 0, "track_confidence": 80}]
1777838000301|13:53:20.000|monitor|track|[{"pose": 4, "area_id": 3, "track_id": 0, "bed_status": 0, "position_x": -370, "position_y": 440, "position_z": 0, "remaining_time": 0, "track_confidence": 80}]
1777838001305|13:53:21.000|monitor|track|[{"pose": 4, "area_id": 3, "track_id": 0, "bed_status": 0, "position_x": -370, "position_y": 440, "position_z": 0, "remaining_time": 0, "track_confidence": 80}]
1777838002331|13:53:22.000|monitor|track|[{"pose": 4, "area_id": 3, "track_id": 0, "bed_status": 0, "position_x": -370, "position_y": 440, "position_z": 0, "remaining_time": 0, "track_confidence": 80}]
1777838003309|13:53:23.000|monitor|track|[{"pose": 4, "area_id": 3, "track_id": 0, "bed_status": 0, "position_x": -370, "position_y": 440, "position_z": 0, "remaining_time": 0, "track_confidence": 80}]
1777838004306|13:53:24.000|monitor|track|[{"pose": 4, "area_id": 3, "track_id": 0, "bed_status": 0, "position_x": -370, "position_y": 440, "position_z": 0, "remaining_time": 0, "track_confidence": 80}]
1777838005310|13:53:25.000|monitor|track|[{"pose": 4, "area_id": 3, "track_id": 0, "bed_status": 0, "position_x": -370, "position_y": 440, "position_z": 0, "remaining_time": 0, "track_confidence": 80}]
1777838006308|13:53:26.000|monitor|track|[{"pose": 4, "area_id": 3, "track_id": 0, "bed_status": 0, "position_x": -370, "position_y": 440, "position_z": 0, "remaining_time": 0, "track_confidence": 80}]
1777838007232|13:53:27.000|monitor|track|[{"pose": 4, "area_id": 3, "track_id": 0, "bed_status": 0, "position_x": -370, "position_y": 440, "position_z": 0, "remaining_time": 0, "track_confidence": 80}]
1777838008208|13:53:28.000|monitor|track|[{"pose": 4, "area_id": 3, "track_id": 0, "bed_status": 0, "position_x": -370, "position_y": 440, "position_z": 0, "remaining_time": 0, "track_confidence": 80}]
1777838009209|13:53:29.000|monitor|track|[{"pose": 4, "area_id": 3, "track_id": 0, "bed_status": 0, "position_x": -370, "position_y": 440, "position_z": 0, "remaining_time": 0, "track_confidence": 80}]
1777838010226|13:53:30.000|monitor|track|[{"pose": 4, "area_id": 3, "track_id": 0, "bed_status": 0, "position_x": -370, "position_y": 440, "position_z": 0, "remaining_time": 0, "track_confidence": 80}]
1777838011214|13:53:31.000|monitor|track|[{"pose": 4, "area_id": 3, "track_id": 0, "bed_status": 0, "position_x": -370, "position_y": 440, "position_z": 0, "remaining_time": 0, "track_confidence": 80}]
1777838012217|13:53:32.000|monitor|track|[{"pose": 4, "area_id": 3, "track_id": 0, "bed_status": 0, "position_x": -370, "position_y": 440, "position_z": 0, "remaining_time": 0, "track_confidence": 80}]
1777838013215|13:53:33.000|monitor|track|[{"pose": 4, "area_id": 3, "track_id": 0, "bed_status": 0, "position_x": -370, "position_y": 440, "position_z": 0, "remaining_time": 0, "track_confidence": 80}]
1777838014230|13:53:34.000|monitor|track|[{"pose": 4, "area_id": 3, "track_id": 0, "bed_status": 0, "position_x": -370, "position_y": 440, "position_z": 0, "remaining_time": 0, "track_confidence": 80}]
1777838015153|13:53:35.000|monitor|track|[{"pose": 4, "area_id": 3, "track_id": 0, "bed_status": 0, "position_x": -370, "position_y": 440, "position_z": 0, "remaining_time": 0, "track_confidence": 80}]
1777838016146|13:53:36.000|monitor|track|[{"pose": 4, "area_id": 3, "track_id": 0, "bed_status": 0, "position_x": -370, "position_y": 440, "position_z": 0, "remaining_time": 0, "track_confidence": 80}]
1777838017144|13:53:37.000|event|activity|[{"track_id": 9, "event_since": 1777838017144, "track_count": 1, "event_status": "instant", "lie_duration": 0, "walk_distance": 1, "walk_duration": 6, "stand_duration": 54, "multi_person_duration": 0}]
1777838017144|13:53:37.000|monitor|heart|[{"track_id": 11, "bed_status": 0, "track_confidence": 80}]
1777838017190|13:53:37.000|monitor|track|[{"pose": 4, "area_id": 3, "track_id": 0, "bed_status": 0, "position_x": -370, "position_y": 440, "position_z": 0, "remaining_time": 0, "track_confidence": 80}]
1777838018160|13:53:38.000|monitor|track|[{"pose": 4, "area_id": 3, "track_id": 0, "bed_status": 0, "position_x": -370, "position_y": 440, "position_z": 0, "remaining_time": 0, "track_confidence": 80}]
1777838019148|13:53:39.000|monitor|track|[{"pose": 4, "area_id": 3, "track_id": 0, "bed_status": 0, "position_x": -370, "position_y": 440, "position_z": 0, "remaining_time": 0, "track_confidence": 80}]
1777838020150|13:53:40.000|monitor|track|[{"pose": 4, "area_id": 3, "track_id": 0, "bed_status": 0, "position_x": -370, "position_y": 440, "position_z": 0, "remaining_time": 0, "track_confidence": 80}]
1777838021156|13:53:41.000|monitor|track|[{"pose": 4, "area_id": 3, "track_id": 0, "bed_status": 0, "position_x": -370, "position_y": 440, "position_z": 0, "remaining_time": 0, "track_confidence": 80}]
1777838022149|13:53:42.000|monitor|track|[{"pose": 4, "area_id": 3, "track_id": 0, "bed_status": 0, "position_x": -370, "position_y": 440, "position_z": 0, "remaining_time": 0, "track_confidence": 80}]
1777838023155|13:53:43.000|monitor|track|[{"pose": 4, "area_id": 3, "track_id": 0, "bed_status": 0, "position_x": -370, "position_y": 440, "position_z": 0, "remaining_time": 0, "track_confidence": 80}]
1777838024156|13:53:44.000|monitor|track|[{"pose": 4, "area_id": 3, "track_id": 0, "bed_status": 0, "position_x": -370, "position_y": 440, "position_z": 0, "remaining_time": 0, "track_confidence": 80}]
1777838025160|13:53:45.000|monitor|track|[{"pose": 4, "area_id": 3, "track_id": 0, "bed_status": 0, "position_x": -370, "position_y": 440, "position_z": 0, "remaining_time": 0, "track_confidence": 80}]
1777838026157|13:53:46.000|monitor|track|[{"pose": 4, "area_id": 3, "track_id": 0, "bed_status": 0, "position_x": -370, "position_y": 440, "position_z": 0, "remaining_time": 0, "track_confidence": 80}]
1777838027052|13:53:47.000|monitor|track|[{"pose": 4, "area_id": 3, "track_id": 0, "bed_status": 0, "position_x": -370, "position_y": 440, "position_z": 0, "remaining_time": 0, "track_confidence": 80}]
1777838028053|13:53:48.000|monitor|track|[{"pose": 4, "area_id": 3, "track_id": 0, "bed_status": 0, "position_x": -370, "position_y": 440, "position_z": 0, "remaining_time": 0, "track_confidence": 80}]
1777838029049|13:53:49.000|monitor|track|[{"pose": 4, "area_id": 3, "track_id": 0, "bed_status": 0, "position_x": -370, "position_y": 440, "position_z": 0, "remaining_time": 0, "track_confidence": 80}]
1777838030053|13:53:50.000|monitor|track|[{"pose": 4, "area_id": 3, "track_id": 0, "bed_status": 0, "position_x": -370, "position_y": 440, "position_z": 0, "remaining_time": 0, "track_confidence": 80}]
1777838031025|13:53:51.000|monitor|track|[{"pose": 4, "area_id": 3, "track_id": 0, "bed_status": 0, "position_x": -370, "position_y": 440, "position_z": 0, "remaining_time": 0, "track_confidence": 80}]
1777838032020|13:53:52.000|monitor|track|[{"pose": 4, "area_id": 3, "track_id": 0, "bed_status": 0, "position_x": -370, "position_y": 440, "position_z": 0, "remaining_time": 0, "track_confidence": 80}]
1777838033017|13:53:53.000|monitor|track|[{"pose": 4, "area_id": 3, "track_id": 0, "bed_status": 0, "position_x": -370, "position_y": 440, "position_z": 0, "remaining_time": 0, "track_confidence": 80}]
1777838034020|13:53:54.000|monitor|track|[{"pose": 4, "area_id": 3, "track_id": 0, "bed_status": 0, "position_x": -370, "position_y": 440, "position_z": 0, "remaining_time": 0, "track_confidence": 80}]
1777838035019|13:53:55.000|monitor|track|[{"pose": 4, "area_id": 3, "track_id": 0, "bed_status": 0, "position_x": -370, "position_y": 440, "position_z": 0, "remaining_time": 0, "track_confidence": 80}]
1777838036020|13:53:56.000|monitor|track|[{"pose": 4, "area_id": 3, "track_id": 0, "bed_status": 0, "position_x": -370, "position_y": 440, "position_z": 0, "remaining_time": 0, "track_confidence": 80}]
1777838037023|13:53:57.000|monitor|track|[{"pose": 4, "area_id": 3, "track_id": 0, "bed_status": 0, "position_x": -370, "position_y": 440, "position_z": 0, "remaining_time": 0, "track_confidence": 80}]
1777838038022|13:53:58.000|monitor|track|[{"pose": 4, "area_id": 3, "track_id": 0, "bed_status": 0, "position_x": -370, "position_y": 440, "position_z": 0, "remaining_time": 0, "track_confidence": 80}]
1777838039025|13:53:59.000|monitor|track|[{"pose": 4, "area_id": 3, "track_id": 0, "bed_status": 0, "position_x": -370, "position_y": 440, "position_z": 0, "remaining_time": 0, "track_confidence": 80}]
1777838040027|13:54:00.000|monitor|track|[{"pose": 4, "area_id": 3, "track_id": 0, "bed_status": 0, "position_x": -370, "position_y": 440, "position_z": 0, "remaining_time": 0, "track_confidence": 80}]
1777838041025|13:54:01.000|monitor|track|[{"pose": 4, "area_id": 3, "track_id": 0, "bed_status": 0, "position_x": -370, "position_y": 440, "position_z": 0, "remaining_time": 0, "track_confidence": 80}]
1777838042029|13:54:02.000|monitor|track|[{"pose": 4, "area_id": 3, "track_id": 0, "bed_status": 0, "position_x": -370, "position_y": 440, "position_z": 0, "remaining_time": 0, "track_confidence": 80}]
1777838042943|13:54:02.000|monitor|track|[{"pose": 4, "area_id": 3, "track_id": 0, "bed_status": 0, "position_x": -370, "position_y": 440, "position_z": 0, "remaining_time": 0, "track_confidence": 80}]
1777838043925|13:54:03.000|monitor|track|[{"pose": 4, "area_id": 3, "track_id": 0, "bed_status": 0, "position_x": -370, "position_y": 440, "position_z": 0, "remaining_time": 0, "track_confidence": 80}]
1777838044920|13:54:04.000|monitor|track|[{"pose": 4, "area_id": 3, "track_id": 0, "bed_status": 0, "position_x": -370, "position_y": 440, "position_z": 0, "remaining_time": 0, "track_confidence": 80}]
1777838045924|13:54:05.000|monitor|track|[{"pose": 4, "area_id": 3, "track_id": 0, "bed_status": 0, "position_x": -370, "position_y": 440, "position_z": 0, "remaining_time": 0, "track_confidence": 80}]
1777838046933|13:54:06.000|monitor|track|[{"pose": 4, "area_id": 3, "track_id": 0, "bed_status": 0, "position_x": -370, "position_y": 440, "position_z": 0, "remaining_time": 0, "track_confidence": 80}]
1777838047938|13:54:07.000|monitor|track|[{"pose": 4, "area_id": 3, "track_id": 0, "bed_status": 0, "position_x": -370, "position_y": 440, "position_z": 0, "remaining_time": 0, "track_confidence": 80}]
1777838048942|13:54:08.000|monitor|track|[{"pose": 4, "area_id": 3, "track_id": 0, "bed_status": 0, "position_x": -370, "position_y": 440, "position_z": 0, "remaining_time": 0, "track_confidence": 80}]
1777838049950|13:54:09.000|monitor|track|[{"pose": 4, "area_id": 3, "track_id": 0, "bed_status": 0, "position_x": -370, "position_y": 440, "position_z": 0, "remaining_time": 0, "track_confidence": 80}]
1777838050945|13:54:10.000|monitor|track|[{"pose": 4, "area_id": 3, "track_id": 0, "bed_status": 0, "position_x": -370, "position_y": 440, "position_z": 0, "remaining_time": 0, "track_confidence": 80}]
1777838051945|13:54:11.000|monitor|track|[{"pose": 4, "area_id": 3, "track_id": 0, "bed_status": 0, "position_x": -350, "position_y": 430, "position_z": 0, "remaining_time": 0, "track_confidence": 80}]
1777838052840|13:54:12.000|monitor|track|[{"pose": 4, "area_id": 3, "track_id": 0, "bed_status": 0, "position_x": -350, "position_y": 430, "position_z": 0, "remaining_time": 0, "track_confidence": 80}]
1777838053842|13:54:13.000|monitor|track|[{"pose": 4, "area_id": 3, "track_id": 0, "bed_status": 0, "position_x": -350, "position_y": 430, "position_z": 0, "remaining_time": 0, "track_confidence": 80}]
1777838054847|13:54:14.000|monitor|track|[{"pose": 4, "area_id": 3, "track_id": 0, "bed_status": 0, "position_x": -350, "position_y": 430, "position_z": 0, "remaining_time": 0, "track_confidence": 80}]
1777838055849|13:54:15.000|monitor|track|[{"pose": 4, "area_id": 3, "track_id": 0, "bed_status": 0, "position_x": -350, "position_y": 430, "position_z": 0, "remaining_time": 0, "track_confidence": 80}]
1777838056853|13:54:16.000|monitor|track|[{"pose": 4, "area_id": 3, "track_id": 0, "bed_status": 0, "position_x": -350, "position_y": 430, "position_z": 0, "remaining_time": 0, "track_confidence": 80}]
1777838057852|13:54:17.000|monitor|track|[{"pose": 4, "area_id": 3, "track_id": 0, "bed_status": 0, "position_x": -350, "position_y": 430, "position_z": 0, "remaining_time": 0, "track_confidence": 80}]
1777838058845|13:54:18.000|monitor|track|[{"pose": 4, "area_id": 3, "track_id": 0, "bed_status": 0, "position_x": -350, "position_y": 430, "position_z": 0, "remaining_time": 0, "track_confidence": 80}]
1777838059846|13:54:19.000|monitor|track|[{"pose": 4, "area_id": 3, "track_id": 0, "bed_status": 0, "position_x": -350, "position_y": 430, "position_z": 0, "remaining_time": 0, "track_confidence": 80}]
1777838060850|13:54:20.000|monitor|track|[{"pose": 4, "area_id": 3, "track_id": 0, "bed_status": 0, "position_x": -350, "position_y": 430, "position_z": 0, "remaining_time": 0, "track_confidence": 80}]
1777838061852|13:54:21.000|monitor|track|[{"pose": 4, "area_id": 3, "track_id": 0, "bed_status": 0, "position_x": -350, "position_y": 430, "position_z": 0, "remaining_time": 0, "track_confidence": 80}]
1777838062852|13:54:22.000|monitor|track|[{"pose": 4, "area_id": 3, "track_id": 0, "bed_status": 0, "position_x": -350, "position_y": 430, "position_z": 0, "remaining_time": 0, "track_confidence": 80}]
1777838063758|13:54:23.000|monitor|track|[{"pose": 4, "area_id": 3, "track_id": 0, "bed_status": 0, "position_x": -350, "position_y": 430, "position_z": 0, "remaining_time": 0, "track_confidence": 80}]
1777838064758|13:54:24.000|monitor|track|[{"pose": 4, "area_id": 3, "track_id": 0, "bed_status": 0, "position_x": -350, "position_y": 430, "position_z": 0, "remaining_time": 0, "track_confidence": 80}]
1777838065762|13:54:25.000|monitor|track|[{"pose": 4, "area_id": 3, "track_id": 0, "bed_status": 0, "position_x": -350, "position_y": 430, "position_z": 0, "remaining_time": 0, "track_confidence": 80}]
1777838066758|13:54:26.000|monitor|track|[{"pose": 4, "area_id": 3, "track_id": 0, "bed_status": 0, "position_x": -350, "position_y": 430, "position_z": 0, "remaining_time": 0, "track_confidence": 80}]
1777838067757|13:54:27.000|monitor|track|[{"pose": 4, "area_id": 3, "track_id": 0, "bed_status": 0, "position_x": -350, "position_y": 430, "position_z": 0, "remaining_time": 0, "track_confidence": 80}]
1777838068756|13:54:28.000|monitor|track|[{"pose": 4, "area_id": 3, "track_id": 0, "bed_status": 0, "position_x": -350, "position_y": 430, "position_z": 0, "remaining_time": 0, "track_confidence": 80}]
1777838069765|13:54:29.000|monitor|track|[{"pose": 4, "area_id": 3, "track_id": 0, "bed_status": 0, "position_x": -350, "position_y": 430, "position_z": 0, "remaining_time": 0, "track_confidence": 80}]
1777838070760|13:54:30.000|monitor|track|[{"pose": 4, "area_id": 3, "track_id": 0, "bed_status": 0, "position_x": -350, "position_y": 430, "position_z": 0, "remaining_time": 0, "track_confidence": 80}]
1777838071764|13:54:31.000|monitor|track|[{"pose": 4, "area_id": 3, "track_id": 0, "bed_status": 0, "position_x": -350, "position_y": 430, "position_z": 0, "remaining_time": 0, "track_confidence": 80}]
1777838072766|13:54:32.000|monitor|track|[{"pose": 4, "area_id": 3, "track_id": 0, "bed_status": 0, "position_x": -350, "position_y": 430, "position_z": 0, "remaining_time": 0, "track_confidence": 80}]
1777838073772|13:54:33.000|monitor|track|[{"pose": 4, "area_id": 3, "track_id": 0, "bed_status": 0, "position_x": -350, "position_y": 430, "position_z": 0, "remaining_time": 0, "track_confidence": 80}]
1777838074662|13:54:34.000|monitor|track|[{"pose": 4, "area_id": 3, "track_id": 0, "bed_status": 0, "position_x": -350, "position_y": 430, "position_z": 0, "remaining_time": 0, "track_confidence": 80}]
1777838075669|13:54:35.000|monitor|track|[{"pose": 4, "area_id": 3, "track_id": 0, "bed_status": 0, "position_x": -350, "position_y": 430, "position_z": 0, "remaining_time": 0, "track_confidence": 80}]
1777838076665|13:54:36.000|event|activity|[{"track_id": 9, "event_since": 1777838076665, "track_count": 1, "event_status": "instant", "lie_duration": 0, "walk_distance": 0, "walk_duration": 0, "stand_duration": 60, "multi_person_duration": 0}]
1777838076665|13:54:36.000|monitor|heart|[{"track_id": 11, "bed_status": 0, "track_confidence": 80}]
1777838076704|13:54:36.000|monitor|track|[{"pose": 4, "area_id": 3, "track_id": 0, "bed_status": 0, "position_x": -350, "position_y": 430, "position_z": 0, "remaining_time": 0, "track_confidence": 80}]
1777838077667|13:54:37.000|monitor|track|[{"pose": 4, "area_id": 3, "track_id": 0, "bed_status": 0, "position_x": -350, "position_y": 430, "position_z": 0, "remaining_time": 0, "track_confidence": 80}]
1777838078669|13:54:38.000|monitor|track|[{"pose": 4, "area_id": 3, "track_id": 0, "bed_status": 0, "position_x": -350, "position_y": 430, "position_z": 0, "remaining_time": 0, "track_confidence": 80}]
1777838079625|13:54:39.000|monitor|track|[{"pose": 4, "area_id": 3, "track_id": 0, "bed_status": 0, "position_x": -350, "position_y": 430, "position_z": 0, "remaining_time": 0, "track_confidence": 80}]
1777838080629|13:54:40.000|monitor|track|[{"pose": 4, "area_id": 3, "track_id": 0, "bed_status": 0, "position_x": -350, "position_y": 430, "position_z": 0, "remaining_time": 0, "track_confidence": 80}]
1777838081626|13:54:41.000|monitor|track|[{"pose": 4, "area_id": 3, "track_id": 0, "bed_status": 0, "position_x": -350, "position_y": 430, "position_z": 0, "remaining_time": 0, "track_confidence": 80}]
1777838082628|13:54:42.000|monitor|track|[{"pose": 4, "area_id": 3, "track_id": 0, "bed_status": 0, "position_x": -350, "position_y": 430, "position_z": 0, "remaining_time": 0, "track_confidence": 80}]
1777838083628|13:54:43.000|monitor|track|[{"pose": 4, "area_id": 3, "track_id": 0, "bed_status": 0, "position_x": -350, "position_y": 430, "position_z": 0, "remaining_time": 0, "track_confidence": 80}]
1777838084629|13:54:44.000|monitor|track|[{"pose": 4, "area_id": 3, "track_id": 0, "bed_status": 0, "position_x": -350, "position_y": 430, "position_z": 0, "remaining_time": 0, "track_confidence": 80}]
1777838085642|13:54:45.000|monitor|track|[{"pose": 4, "area_id": 3, "track_id": 0, "bed_status": 0, "position_x": -350, "position_y": 430, "position_z": 0, "remaining_time": 0, "track_confidence": 80}]
1777838086634|13:54:46.000|monitor|track|[{"pose": 4, "area_id": 3, "track_id": 0, "bed_status": 0, "position_x": -350, "position_y": 430, "position_z": 0, "remaining_time": 0, "track_confidence": 80}]
1777838087632|13:54:47.000|monitor|track|[{"pose": 4, "area_id": 3, "track_id": 0, "bed_status": 0, "position_x": -350, "position_y": 430, "position_z": 0, "remaining_time": 0, "track_confidence": 80}]
1777838088639|13:54:48.000|monitor|track|[{"pose": 4, "area_id": 3, "track_id": 0, "bed_status": 0, "position_x": -350, "position_y": 430, "position_z": 0, "remaining_time": 0, "track_confidence": 80}]
1777838089634|13:54:49.000|monitor|track|[{"pose": 4, "area_id": 3, "track_id": 0, "bed_status": 0, "position_x": -350, "position_y": 430, "position_z": 0, "remaining_time": 0, "track_confidence": 80}]
1777838090636|13:54:50.000|monitor|track|[{"pose": 4, "area_id": 3, "track_id": 0, "bed_status": 0, "position_x": -350, "position_y": 430, "position_z": 0, "remaining_time": 0, "track_confidence": 80}]
1777838091537|13:54:51.000|monitor|track|[{"pose": 4, "area_id": 3, "track_id": 0, "bed_status": 0, "position_x": -350, "position_y": 430, "position_z": 0, "remaining_time": 0, "track_confidence": 80}]
1777838092534|13:54:52.000|monitor|track|[{"pose": 4, "area_id": 3, "track_id": 0, "bed_status": 0, "position_x": -350, "position_y": 430, "position_z": 0, "remaining_time": 0, "track_confidence": 80}]
1777838093530|13:54:53.000|monitor|track|[{"pose": 4, "area_id": 3, "track_id": 0, "bed_status": 0, "position_x": -350, "position_y": 430, "position_z": 0, "remaining_time": 0, "track_confidence": 80}]
1777838094535|13:54:54.000|monitor|track|[{"pose": 4, "area_id": 3, "track_id": 0, "bed_status": 0, "position_x": -350, "position_y": 430, "position_z": 0, "remaining_time": 0, "track_confidence": 80}]
1777838095552|13:54:55.000|monitor|track|[{"pose": 4, "area_id": 3, "track_id": 0, "bed_status": 0, "position_x": -350, "position_y": 430, "position_z": 0, "remaining_time": 0, "track_confidence": 80}]
1777838096555|13:54:56.000|monitor|track|[{"pose": 4, "area_id": 3, "track_id": 0, "bed_status": 0, "position_x": -350, "position_y": 430, "position_z": 0, "remaining_time": 0, "track_confidence": 80}]
1777838097559|13:54:57.000|monitor|track|[{"pose": 4, "area_id": 3, "track_id": 0, "bed_status": 0, "position_x": -350, "position_y": 430, "position_z": 0, "remaining_time": 0, "track_confidence": 80}]
1777838098558|13:54:58.000|monitor|track|[{"pose": 4, "area_id": 3, "track_id": 0, "bed_status": 0, "position_x": -350, "position_y": 430, "position_z": 0, "remaining_time": 0, "track_confidence": 80}]
1777838099554|13:54:59.000|monitor|track|[{"pose": 4, "area_id": 3, "track_id": 0, "bed_status": 0, "position_x": -350, "position_y": 430, "position_z": 0, "remaining_time": 0, "track_confidence": 80}]
1777838100556|13:55:00.000|monitor|track|[{"pose": 4, "area_id": 3, "track_id": 0, "bed_status": 0, "position_x": -350, "position_y": 430, "position_z": 0, "remaining_time": 0, "track_confidence": 80}]
1777838101446|13:55:01.000|monitor|track|[{"pose": 4, "area_id": 3, "track_id": 0, "bed_status": 0, "position_x": -350, "position_y": 430, "position_z": 0, "remaining_time": 0, "track_confidence": 80}]
1777838102449|13:55:02.000|monitor|track|[{"pose": 4, "area_id": 3, "track_id": 0, "bed_status": 0, "position_x": -350, "position_y": 430, "position_z": 0, "remaining_time": 0, "track_confidence": 80}]
1777838103449|13:55:03.000|monitor|track|[{"pose": 4, "area_id": 3, "track_id": 0, "bed_status": 0, "position_x": -350, "position_y": 430, "position_z": 0, "remaining_time": 0, "track_confidence": 80}]
1777838104473|13:55:04.000|monitor|track|[{"pose": 4, "area_id": 3, "track_id": 0, "bed_status": 0, "position_x": -350, "position_y": 430, "position_z": 0, "remaining_time": 0, "track_confidence": 80}]
1777838105452|13:55:05.000|monitor|track|[{"pose": 4, "area_id": 3, "track_id": 0, "bed_status": 0, "position_x": -350, "position_y": 430, "position_z": 0, "remaining_time": 0, "track_confidence": 80}]
1777838106457|13:55:06.000|monitor|track|[{"pose": 4, "area_id": 3, "track_id": 0, "bed_status": 0, "position_x": -350, "position_y": 430, "position_z": 0, "remaining_time": 0, "track_confidence": 80}]
1777838107467|13:55:07.000|monitor|track|[{"pose": 4, "area_id": 3, "track_id": 0, "bed_status": 0, "position_x": -350, "position_y": 430, "position_z": 0, "remaining_time": 0, "track_confidence": 80}]
1777838108453|13:55:08.000|monitor|track|[{"pose": 4, "area_id": 3, "track_id": 0, "bed_status": 0, "position_x": -350, "position_y": 430, "position_z": 0, "remaining_time": 0, "track_confidence": 80}]
1777838109464|13:55:09.000|monitor|track|[{"pose": 4, "area_id": 3, "track_id": 0, "bed_status": 0, "position_x": -350, "position_y": 430, "position_z": 0, "remaining_time": 0, "track_confidence": 80}]
1777838110462|13:55:10.000|monitor|track|[{"pose": 4, "area_id": 3, "track_id": 0, "bed_status": 0, "position_x": -350, "position_y": 430, "position_z": 0, "remaining_time": 0, "track_confidence": 80}]
1777838111388|13:55:11.000|monitor|track|[{"pose": 4, "area_id": 3, "track_id": 0, "bed_status": 0, "position_x": -350, "position_y": 430, "position_z": 0, "remaining_time": 0, "track_confidence": 80}]
1777838112384|13:55:12.000|monitor|track|[{"pose": 4, "area_id": 3, "track_id": 0, "bed_status": 0, "position_x": -350, "position_y": 430, "position_z": 0, "remaining_time": 0, "track_confidence": 80}]
1777838113369|13:55:13.000|monitor|track|[{"pose": 4, "area_id": 3, "track_id": 0, "bed_status": 0, "position_x": -350, "position_y": 430, "position_z": 0, "remaining_time": 0, "track_confidence": 80}]
1777838114370|13:55:14.000|monitor|track|[{"pose": 4, "area_id": 3, "track_id": 0, "bed_status": 0, "position_x": -350, "position_y": 430, "position_z": 0, "remaining_time": 0, "track_confidence": 80}]
1777838115377|13:55:15.000|monitor|track|[{"pose": 4, "area_id": 3, "track_id": 0, "bed_status": 0, "position_x": -350, "position_y": 430, "position_z": 0, "remaining_time": 0, "track_confidence": 80}]
1777838116372|13:55:16.000|monitor|track|[{"pose": 4, "area_id": 3, "track_id": 0, "bed_status": 0, "position_x": -350, "position_y": 430, "position_z": 0, "remaining_time": 0, "track_confidence": 80}]
1777838117377|13:55:17.000|monitor|track|[{"pose": 4, "area_id": 3, "track_id": 0, "bed_status": 0, "position_x": -350, "position_y": 430, "position_z": 0, "remaining_time": 0, "track_confidence": 80}]
1777838118381|13:55:18.000|monitor|track|[{"pose": 4, "area_id": 3, "track_id": 0, "bed_status": 0, "position_x": -350, "position_y": 430, "position_z": 0, "remaining_time": 0, "track_confidence": 80}]
1777838119376|13:55:19.000|monitor|track|[{"pose": 4, "area_id": 3, "track_id": 0, "bed_status": 0, "position_x": -350, "position_y": 430, "position_z": 0, "remaining_time": 0, "track_confidence": 80}]
1777838120378|13:55:20.000|monitor|track|[{"pose": 4, "area_id": 3, "track_id": 0, "bed_status": 0, "position_x": -350, "position_y": 430, "position_z": 0, "remaining_time": 0, "track_confidence": 80}]
1777838121377|13:55:21.000|monitor|track|[{"pose": 4, "area_id": 3, "track_id": 0, "bed_status": 0, "position_x": -350, "position_y": 430, "position_z": 0, "remaining_time": 0, "track_confidence": 80}]
1777838122392|13:55:22.000|monitor|track|[{"pose": 4, "area_id": 3, "track_id": 0, "bed_status": 0, "position_x": -350, "position_y": 430, "position_z": 0, "remaining_time": 0, "track_confidence": 80}]
1777838123272|13:55:23.000|monitor|track|[{"pose": 4, "area_id": 3, "track_id": 0, "bed_status": 0, "position_x": -350, "position_y": 430, "position_z": 0, "remaining_time": 0, "track_confidence": 80}]
1777838124277|13:55:24.000|monitor|track|[{"pose": 4, "area_id": 3, "track_id": 0, "bed_status": 0, "position_x": -350, "position_y": 430, "position_z": 0, "remaining_time": 0, "track_confidence": 80}]
1777838125277|13:55:25.000|monitor|track|[{"pose": 4, "area_id": 3, "track_id": 0, "bed_status": 0, "position_x": -350, "position_y": 430, "position_z": 0, "remaining_time": 0, "track_confidence": 80}]
1777838126276|13:55:26.000|monitor|track|[{"pose": 4, "area_id": 3, "track_id": 0, "bed_status": 0, "position_x": -350, "position_y": 430, "position_z": 0, "remaining_time": 0, "track_confidence": 80}]
1777838127383|13:55:27.000|event|number_people|[{"track_id": 10, "event_since": 1777838127383, "event_status": "start", "number_people": 0}]
1777838127492|13:55:27.000|monitor|track|[{"area_id": 0, "track_id": 88, "bed_status": 0, "position_x": 0, "position_y": 0, "position_z": 0, "remaining_time": 0, "track_confidence": 80}]
1777838128253|13:55:28.000|monitor|track|[{"area_id": 0, "track_id": 88, "bed_status": 0, "position_x": 0, "position_y": 0, "position_z": 0, "remaining_time": 0, "track_confidence": 80}]
1777838129262|13:55:29.000|monitor|track|[{"area_id": 0, "track_id": 88, "bed_status": 0, "position_x": 0, "position_y": 0, "position_z": 0, "remaining_time": 0, "track_confidence": 80}]
1777838149065|13:55:49.000|monitor|heart|[{"track_id": 11, "bed_status": 0, "track_confidence": 80}]
1777838149065|13:55:49.000|event|activity|[{"track_id": 9, "event_since": 1777838149065, "track_count": 0, "event_status": "instant", "lie_duration": 0, "walk_distance": 0, "walk_duration": 0, "stand_duration": 53, "multi_person_duration": 0}]
1777838149102|13:55:49.000|monitor|track|[{"area_id": 0, "track_id": 88, "bed_status": 0, "position_x": 0, "position_y": 0, "position_z": 0, "remaining_time": 0, "track_confidence": 80}]
1777838180869|13:56:20.000|monitor|track|[{"area_id": 0, "track_id": 88, "bed_status": 0, "position_x": 0, "position_y": 0, "position_z": 0, "remaining_time": 0, "track_confidence": 80}]
1777838212605|13:56:52.000|event|activity|[{"track_id": 9, "event_since": 1777838212605, "track_count": 0, "event_status": "instant", "lie_duration": 0, "walk_distance": 0, "walk_duration": 0, "stand_duration": 0, "multi_person_duration": 0}]
1777838212605|13:56:52.000|monitor|heart|[{"track_id": 11, "bed_status": 0, "track_confidence": 80}]
1777838212898|13:56:52.000|monitor|track|[{"area_id": 0, "track_id": 88, "bed_status": 0, "position_x": 0, "position_y": 0, "position_z": 0, "remaining_time": 0, "track_confidence": 80}]
1777838244297|13:57:24.000|monitor|track|[{"area_id": 0, "track_id": 88, "bed_status": 0, "position_x": 0, "position_y": 0, "position_z": 0, "remaining_time": 0, "track_confidence": 80}]
1777838276099|13:57:56.000|event|activity|[{"track_id": 9, "event_since": 1777838276099, "track_count": 0, "event_status": "instant", "lie_duration": 0, "walk_distance": 0, "walk_duration": 0, "stand_duration": 0, "multi_person_duration": 0}]
1777838276099|13:57:56.000|monitor|heart|[{"track_id": 11, "bed_status": 0, "track_confidence": 80}]
1777838276136|13:57:56.000|monitor|track|[{"area_id": 0, "track_id": 88, "bed_status": 0, "position_x": 0, "position_y": 0, "position_z": 0, "remaining_time": 0, "track_confidence": 80}]
1777838307781|13:58:27.000|monitor|track|[{"area_id": 0, "track_id": 88, "bed_status": 0, "position_x": 0, "position_y": 0, "position_z": 0, "remaining_time": 0, "track_confidence": 80}]
1777838339526|13:58:59.000|event|activity|[{"track_id": 9, "event_since": 1777838339526, "track_count": 0, "event_status": "instant", "lie_duration": 0, "walk_distance": 0, "walk_duration": 0, "stand_duration": 0, "multi_person_duration": 0}]
1777838339526|13:58:59.000|monitor|heart|[{"track_id": 11, "bed_status": 0, "track_confidence": 80}]
1777838339774|13:58:59.000|monitor|track|[{"area_id": 0, "track_id": 88, "bed_status": 0, "position_x": 0, "position_y": 0, "position_z": 0, "remaining_time": 0, "track_confidence": 80}]
1777838371342|13:59:31.000|monitor|track|[{"area_id": 0, "track_id": 88, "bed_status": 0, "position_x": 0, "position_y": 0, "position_z": 0, "remaining_time": 0, "track_confidence": 80}]
1777838379449|13:59:39.000|event|SignalPoorRecover|[{"track_id": 11, "event_since": 1777838379449, "signal_poor": 0, "event_status": "end"}]
1777838379449|13:59:39.000|alarm|OfflineRecover|[{"offline": 0, "track_id": 11, "event_since": 1777838379449, "event_status": "end"}]
1777838379450|13:59:39.000|event|AngleException|[{"track_id": 11, "event_since": 1777838379450, "event_value": 1, "event_status": "start", "angle_abnormal": 1}]
1777838403017|14:00:03.000|monitor|heart|[{"track_id": 11, "bed_status": 0, "track_confidence": 80}]
1777838403017|14:00:03.000|event|activity|[{"track_id": 9, "event_since": 1777838403017, "track_count": 0, "event_status": "instant", "lie_duration": 0, "walk_distance": 0, "walk_duration": 0, "stand_duration": 0, "multi_person_duration": 0}]
1777838403054|14:00:03.000|monitor|track|[{"area_id": 0, "track_id": 88, "bed_status": 0, "position_x": 0, "position_y": 0, "position_z": 0, "remaining_time": 0, "track_confidence": 80}]
1777838434799|14:00:34.000|monitor|heart|[{"track_id": 11, "bed_status": 0, "track_confidence": 80}]
1777838434799|14:00:34.000|event|activity|[{"track_id": 9, "event_since": 1777838434799, "track_count": 0, "event_status": "instant", "lie_duration": 0, "walk_distance": 0, "walk_duration": 0, "stand_duration": 0, "multi_person_duration": 0}]
1777838435006|14:00:35.000|monitor|track|[{"area_id": 0, "track_id": 88, "bed_status": 0, "position_x": 0, "position_y": 0, "position_z": 0, "remaining_time": 0, "track_confidence": 80}]
1777838466593|14:01:06.000|alarm|Fall|[{"ts": 1777838466593, "reason": "lost_track", "source": "AI.Caregiver01", "evidence": {"context": "track_lost_no_exit_room_no_recovery", "wait_ms": 188000, "fall_score": 98, "last_verdict": 1, "spatial_jump": false, "cell_area_type": 4, "frozen_start_ms": 1777838051669}, "track_id": 0, "area_type": "sensing", "position_x": 100, "position_y": 430, "position_z": 0}]
1777838466593|14:01:06.000|monitor|track|[{"area_id": 0, "track_id": 88, "bed_status": 0, "position_x": 0, "position_y": 0, "position_z": 0, "remaining_time": 0, "track_confidence": 80}]
1777838498247|14:01:38.000|monitor|heart|[{"track_id": 11, "bed_status": 0, "track_confidence": 80}]
1777838498247|14:01:38.000|event|activity|[{"track_id": 9, "event_since": 1777838498247, "track_count": 0, "event_status": "instant", "lie_duration": 0, "walk_distance": 0, "walk_duration": 0, "stand_duration": 0, "multi_person_duration": 0}]
1777838498325|14:01:38.000|monitor|track|[{"area_id": 0, "track_id": 88, "bed_status": 0, "position_x": 0, "position_y": 0, "position_z": 0, "remaining_time": 0, "track_confidence": 80}]
